song_id,split_type,file_path
Classical_Classical_Jules Massenet_Aragonaise,train,C:\Users\tt\Desktop\project\data\flac_output\mix_audio_flac\Classical_Classical_Jules Massenet_Aragonaise_mixed.flac
Classical_Classical_Ludwig van Beethoven_Ecossaise,train,C:\Users\tt\Desktop\project\data\flac_output\mix_audio_flac\Classical_Classical_Ludwig van Beethoven_Ecossaise_mixed.flac
Classical_Classical_Alessandro Scarlatti_Minuet,train,C:\Users\tt\Desktop\project\data\flac_output\mix_audio_flac\Classical_Classical_Alessandro Scarlatti_Minuet_mixed.flac
Classical_Classical_Wolfgang Amadeus Mozart_Piano Quartet KV 478,train,C:\Users\tt\Desktop\project\data\flac_output\mix_audio_flac\Classical_Classical_Wolfgang Amadeus Mozart_Piano Quartet KV 478_mixed.flac
Classical_Classical_Johannes Brahms_Brahms Horn Trio,train,C:\Users\tt\Desktop\project\data\flac_output\mix_audio_flac\Classical_Classical_Johannes Brahms_Brahms Horn Trio_mixed.flac
Classical_Classical_Giuseppe Verdi_IL Trovatore Duet,train,C:\Users\tt\Desktop\project\data\flac_output\mix_audio_flac\Classical_Classical_Giuseppe Verdi_IL Trovatore Duet_mixed.flac
Classical_Classical_Jean-Philippe Rameau_Le Tambourin,train,C:\Users\tt\Desktop\project\data\flac_output\mix_audio_flac\Classical_Classical_Jean-Philippe Rameau_Le Tambourin_mixed.flac
Classical_Classical_Dmitri Shostakovich_Three Fantastic Dances Op 5 (2003 Digital Remaster) Allegretto,train,C:\Users\tt\Desktop\project\data\flac_output\mix_audio_flac\Classical_Classical_Dmitri Shostakovich_Three Fantastic Dances Op 5 (2003 Digital Remaster) Allegretto_mixed.flac
Classical_Classical_George Frideric Handel_Passepied,train,C:\Users\tt\Desktop\project\data\flac_output\mix_audio_flac\Classical_Classical_George Frideric Handel_Passepied_mixed.flac
Classical_Classical_Johann Sebastian Bach_Badinerie,train,C:\Users\tt\Desktop\project\data\flac_output\mix_audio_flac\Classical_Classical_Johann Sebastian Bach_Badinerie_mixed.flac
Classical_Classical_Wolfgang Amadeus Mozart_Sonate Opus KV 331,train,C:\Users\tt\Desktop\project\data\flac_output\mix_audio_flac\Classical_Classical_Wolfgang Amadeus Mozart_Sonate Opus KV 331_mixed.flac
Classical_Classical_Frederic Chopin_Walzer h-moll Op 69 No 2,train,C:\Users\tt\Desktop\project\data\flac_output\mix_audio_flac\Classical_Classical_Frederic Chopin_Walzer h-moll Op 69 No 2_mixed.flac
"Classical_Classical_Franz Liszt_Dream of Love Op62, No3",train,"C:\Users\tt\Desktop\project\data\flac_output\mix_audio_flac\Classical_Classical_Franz Liszt_Dream of Love Op62, No3_mixed.flac"
Classical_Classical_Sergei Rachmaninoff_Rhapsody on a Theme of Paganini,train,C:\Users\tt\Desktop\project\data\flac_output\mix_audio_flac\Classical_Classical_Sergei Rachmaninoff_Rhapsody on a Theme of Paganini_mixed.flac
Classical_Classical_Isaac Albeniz_Rumores de la Caleta,train,C:\Users\tt\Desktop\project\data\flac_output\mix_audio_flac\Classical_Classical_Isaac Albeniz_Rumores de la Caleta_mixed.flac
Classical_Classical_Toru Takemitsu_The Fury Of Ootemon,train,C:\Users\tt\Desktop\project\data\flac_output\mix_audio_flac\Classical_Classical_Toru Takemitsu_The Fury Of Ootemon_mixed.flac
Classical_Classical_Johann Sebastian Bach_English Suite II Bourree II,train,C:\Users\tt\Desktop\project\data\flac_output\mix_audio_flac\Classical_Classical_Johann Sebastian Bach_English Suite II Bourree II_mixed.flac
"Classical_Classical_Johann Sebastian Bach_Das Wohltemperierte Clavier I, Praeludium I",train,"C:\Users\tt\Desktop\project\data\flac_output\mix_audio_flac\Classical_Classical_Johann Sebastian Bach_Das Wohltemperierte Clavier I, Praeludium I_mixed.flac"
Classical_Classical_Johann Sebastian Bach_Die Kunst der Fuge,train,C:\Users\tt\Desktop\project\data\flac_output\mix_audio_flac\Classical_Classical_Johann Sebastian Bach_Die Kunst der Fuge_mixed.flac
Classical_Classical_Pietro Mascagni_Intermezzo,train,C:\Users\tt\Desktop\project\data\flac_output\mix_audio_flac\Classical_Classical_Pietro Mascagni_Intermezzo_mixed.flac
"Classical_Classical_Johann Sebastian Bach_Das Wohltemperierte Clavier I, Fuga XX",train,"C:\Users\tt\Desktop\project\data\flac_output\mix_audio_flac\Classical_Classical_Johann Sebastian Bach_Das Wohltemperierte Clavier I, Fuga XX_mixed.flac"
Classical_Classical_Johann Sebastian Bach_Gavottte,train,C:\Users\tt\Desktop\project\data\flac_output\mix_audio_flac\Classical_Classical_Johann Sebastian Bach_Gavottte_mixed.flac
Classical_Classical_Johannes Brahms_Lullaby,train,C:\Users\tt\Desktop\project\data\flac_output\mix_audio_flac\Classical_Classical_Johannes Brahms_Lullaby_mixed.flac
Classical_Classical_Robert Schumann_12Le Père Fouettard,train,C:\Users\tt\Desktop\project\data\flac_output\mix_audio_flac\Classical_Classical_Robert Schumann_12Le Père Fouettard_mixed.flac
Classical_Classical_George Frideric Handel_Aria - Air,train,C:\Users\tt\Desktop\project\data\flac_output\mix_audio_flac\Classical_Classical_George Frideric Handel_Aria - Air_mixed.flac
Classical_Classical_Ludwig van Beethoven_Symphony No3 Eroica,train,C:\Users\tt\Desktop\project\data\flac_output\mix_audio_flac\Classical_Classical_Ludwig van Beethoven_Symphony No3 Eroica_mixed.flac
Classical_Classical_Johann Sebastian Bach_March in E-flat major,train,C:\Users\tt\Desktop\project\data\flac_output\mix_audio_flac\Classical_Classical_Johann Sebastian Bach_March in E-flat major_mixed.flac
Classical_Classical_Johann Sebastian Bach_Sinfonia 10,train,C:\Users\tt\Desktop\project\data\flac_output\mix_audio_flac\Classical_Classical_Johann Sebastian Bach_Sinfonia 10_mixed.flac
Classical_Classical_Johann Sebastian Bach_Sinfonia 5,train,C:\Users\tt\Desktop\project\data\flac_output\mix_audio_flac\Classical_Classical_Johann Sebastian Bach_Sinfonia 5_mixed.flac
Classical_Classical_Johannes Brahms_Hungarian Dance N 7,train,C:\Users\tt\Desktop\project\data\flac_output\mix_audio_flac\Classical_Classical_Johannes Brahms_Hungarian Dance N 7_mixed.flac
Classical_Classical_Leif Ove Andsnes_Lyric Pieces_ Bk V Op 54 V      Scherzo,train,C:\Users\tt\Desktop\project\data\flac_output\mix_audio_flac\Classical_Classical_Leif Ove Andsnes_Lyric Pieces_ Bk V Op 54 V      Scherzo_mixed.flac
"Classical_Classical_Johann Sebastian Bach_Invention 14, BWV 785",train,"C:\Users\tt\Desktop\project\data\flac_output\mix_audio_flac\Classical_Classical_Johann Sebastian Bach_Invention 14, BWV 785_mixed.flac"
Classical_Classical_Richard Strauss_Also sprach Zarathustra,train,C:\Users\tt\Desktop\project\data\flac_output\mix_audio_flac\Classical_Classical_Richard Strauss_Also sprach Zarathustra_mixed.flac
Classical_Classical_John Philip Sousa_El Capitan,train,C:\Users\tt\Desktop\project\data\flac_output\mix_audio_flac\Classical_Classical_John Philip Sousa_El Capitan_mixed.flac
Classical_Classical_Johann Sebastian Bach_Keyboard partita in E minor,train,C:\Users\tt\Desktop\project\data\flac_output\mix_audio_flac\Classical_Classical_Johann Sebastian Bach_Keyboard partita in E minor_mixed.flac
Classical_Classical_Henry Purcell_Prelude and Minuet in G,train,C:\Users\tt\Desktop\project\data\flac_output\mix_audio_flac\Classical_Classical_Henry Purcell_Prelude and Minuet in G_mixed.flac
Classical_Classical_Johann Sebastian Bach_Sinfonia 2,train,C:\Users\tt\Desktop\project\data\flac_output\mix_audio_flac\Classical_Classical_Johann Sebastian Bach_Sinfonia 2_mixed.flac
Classical_Classical_Johann Pachelbel_Canon,train,C:\Users\tt\Desktop\project\data\flac_output\mix_audio_flac\Classical_Classical_Johann Pachelbel_Canon_mixed.flac
Classical_Classical_Giuseppe Verdi_La Traviata - N6 Scena ed aria,train,C:\Users\tt\Desktop\project\data\flac_output\mix_audio_flac\Classical_Classical_Giuseppe Verdi_La Traviata - N6 Scena ed aria_mixed.flac
Classical_Classical_Johann Sebastian Bach_Sonata in B 1,train,C:\Users\tt\Desktop\project\data\flac_output\mix_audio_flac\Classical_Classical_Johann Sebastian Bach_Sonata in B 1_mixed.flac
Classical_Classical_Antonio Vivaldi_The Four Seasons_ Summer_ Op 82 2nd Mvt Adagio,train,C:\Users\tt\Desktop\project\data\flac_output\mix_audio_flac\Classical_Classical_Antonio Vivaldi_The Four Seasons_ Summer_ Op 82 2nd Mvt Adagio_mixed.flac
Classical_Classical_Johann Sebastian Bach_Invention 8,train,C:\Users\tt\Desktop\project\data\flac_output\mix_audio_flac\Classical_Classical_Johann Sebastian Bach_Invention 8_mixed.flac
Classical_Classical_Wolfgang Amadeus Mozart_Rondo Alla Turca,train,C:\Users\tt\Desktop\project\data\flac_output\mix_audio_flac\Classical_Classical_Wolfgang Amadeus Mozart_Rondo Alla Turca_mixed.flac
Classical_Classical_Johann Sebastian Bach_Solfeggio,train,C:\Users\tt\Desktop\project\data\flac_output\mix_audio_flac\Classical_Classical_Johann Sebastian Bach_Solfeggio_mixed.flac
"Classical_Classical_Johann Sebastian Bach_Das Wohltemperierte Clavier I, Praeludium XX",train,"C:\Users\tt\Desktop\project\data\flac_output\mix_audio_flac\Classical_Classical_Johann Sebastian Bach_Das Wohltemperierte Clavier I, Praeludium XX_mixed.flac"
Classical_Classical_Ludwig van Beethoven_Piano Concerto No3,train,C:\Users\tt\Desktop\project\data\flac_output\mix_audio_flac\Classical_Classical_Ludwig van Beethoven_Piano Concerto No3_mixed.flac
Classical_Classical_Wolfgang Amadeus Mozart_Eine Kleine Nachtmusik (Rondo),train,C:\Users\tt\Desktop\project\data\flac_output\mix_audio_flac\Classical_Classical_Wolfgang Amadeus Mozart_Eine Kleine Nachtmusik (Rondo)_mixed.flac
Classical_Classical_Wolfgang Amadeus Mozart_Dies Irae,train,C:\Users\tt\Desktop\project\data\flac_output\mix_audio_flac\Classical_Classical_Wolfgang Amadeus Mozart_Dies Irae_mixed.flac
"Classical_Classical_Johann Sebastian Bach_Das Wohltemperierte Clavier I, Fuga IV",train,"C:\Users\tt\Desktop\project\data\flac_output\mix_audio_flac\Classical_Classical_Johann Sebastian Bach_Das Wohltemperierte Clavier I, Fuga IV_mixed.flac"
Classical_Classical_Ludwig van Beethoven_Sonata No 5,train,C:\Users\tt\Desktop\project\data\flac_output\mix_audio_flac\Classical_Classical_Ludwig van Beethoven_Sonata No 5_mixed.flac
Classical_Classical_Johann Sebastian Bach_Musette,train,C:\Users\tt\Desktop\project\data\flac_output\mix_audio_flac\Classical_Classical_Johann Sebastian Bach_Musette_mixed.flac
Classical_Classical_Robert Schumann_14Petite Etude,train,C:\Users\tt\Desktop\project\data\flac_output\mix_audio_flac\Classical_Classical_Robert Schumann_14Petite Etude_mixed.flac
Classical_Classical_Johann Sebastian Bach_Applicatio,train,C:\Users\tt\Desktop\project\data\flac_output\mix_audio_flac\Classical_Classical_Johann Sebastian Bach_Applicatio_mixed.flac
Classical_Classical_Johann Sebastian Bach_Gigue,train,C:\Users\tt\Desktop\project\data\flac_output\mix_audio_flac\Classical_Classical_Johann Sebastian Bach_Gigue_mixed.flac
Classical_Classical_Antonio Vivaldi_Winter,train,C:\Users\tt\Desktop\project\data\flac_output\mix_audio_flac\Classical_Classical_Antonio Vivaldi_Winter_mixed.flac
Classical_Classical_Jacques Offenbach_Can Can,train,C:\Users\tt\Desktop\project\data\flac_output\mix_audio_flac\Classical_Classical_Jacques Offenbach_Can Can_mixed.flac
Classical_Classical_Bela Bartok_Lets bake something,train,C:\Users\tt\Desktop\project\data\flac_output\mix_audio_flac\Classical_Classical_Bela Bartok_Lets bake something_mixed.flac
Classical_Classical_Georges Bizet_Habanera from Carmen,train,C:\Users\tt\Desktop\project\data\flac_output\mix_audio_flac\Classical_Classical_Georges Bizet_Habanera from Carmen_mixed.flac
Classical_Classical_Franz Schubert_Der Wanderer,train,C:\Users\tt\Desktop\project\data\flac_output\mix_audio_flac\Classical_Classical_Franz Schubert_Der Wanderer_mixed.flac
"Classical_Classical_Johann Sebastian Bach_Das Wohltemperierte Clavier II, Fuga IX",train,"C:\Users\tt\Desktop\project\data\flac_output\mix_audio_flac\Classical_Classical_Johann Sebastian Bach_Das Wohltemperierte Clavier II, Fuga IX_mixed.flac"
Classical_Classical_Wolfgang Amadeus Mozart_Minuet in F,train,C:\Users\tt\Desktop\project\data\flac_output\mix_audio_flac\Classical_Classical_Wolfgang Amadeus Mozart_Minuet in F_mixed.flac
Classical_Classical_Camille Saint Saens_Die Fische - Aus Karneval der Tiere,train,C:\Users\tt\Desktop\project\data\flac_output\mix_audio_flac\Classical_Classical_Camille Saint Saens_Die Fische - Aus Karneval der Tiere_mixed.flac
Classical_Classical_Frederic Chopin_Etude Op 10 no 3,train,C:\Users\tt\Desktop\project\data\flac_output\mix_audio_flac\Classical_Classical_Frederic Chopin_Etude Op 10 no 3_mixed.flac
Classical_Classical_Murray Perahia_Erlkönig No 4 from 12 Lieder,train,C:\Users\tt\Desktop\project\data\flac_output\mix_audio_flac\Classical_Classical_Murray Perahia_Erlkönig No 4 from 12 Lieder_mixed.flac
Classical_Classical_Giacomo Puccini_One Fine Day,train,C:\Users\tt\Desktop\project\data\flac_output\mix_audio_flac\Classical_Classical_Giacomo Puccini_One Fine Day_mixed.flac
Classical_Classical_Evgeny Kissin_Die Forelle,train,C:\Users\tt\Desktop\project\data\flac_output\mix_audio_flac\Classical_Classical_Evgeny Kissin_Die Forelle_mixed.flac
Classical_Classical_Johann Sebastian Bach_Polonaise in D minor,train,C:\Users\tt\Desktop\project\data\flac_output\mix_audio_flac\Classical_Classical_Johann Sebastian Bach_Polonaise in D minor_mixed.flac
Classical_Classical_George Frideric Handel_Allegro,train,C:\Users\tt\Desktop\project\data\flac_output\mix_audio_flac\Classical_Classical_George Frideric Handel_Allegro_mixed.flac
Classical_Classical_Ludwig van Beethoven_Bagatelle No2,train,C:\Users\tt\Desktop\project\data\flac_output\mix_audio_flac\Classical_Classical_Ludwig van Beethoven_Bagatelle No2_mixed.flac
Classical_Classical_Johann Sebastian Bach_Prelude No1 C Major,train,C:\Users\tt\Desktop\project\data\flac_output\mix_audio_flac\Classical_Classical_Johann Sebastian Bach_Prelude No1 C Major_mixed.flac
Classical_Classical_Franz Schubert_An den Mond,train,C:\Users\tt\Desktop\project\data\flac_output\mix_audio_flac\Classical_Classical_Franz Schubert_An den Mond_mixed.flac
Classical_Classical_Ludwig van Beethoven_Beethoven,train,C:\Users\tt\Desktop\project\data\flac_output\mix_audio_flac\Classical_Classical_Ludwig van Beethoven_Beethoven_mixed.flac
Classical_Classical_Johann Sebastian Bach_Musette in D Major,train,C:\Users\tt\Desktop\project\data\flac_output\mix_audio_flac\Classical_Classical_Johann Sebastian Bach_Musette in D Major_mixed.flac
Classical_Classical_Robert Schumann_Von fremden Landern und Menschen,train,C:\Users\tt\Desktop\project\data\flac_output\mix_audio_flac\Classical_Classical_Robert Schumann_Von fremden Landern und Menschen_mixed.flac
Classical_Classical_Johannes Brahms_Andante(from Symphony No3),train,C:\Users\tt\Desktop\project\data\flac_output\mix_audio_flac\Classical_Classical_Johannes Brahms_Andante(from Symphony No3)_mixed.flac
Classical_Classical_Frederic Chopin_Ballade number 4,train,C:\Users\tt\Desktop\project\data\flac_output\mix_audio_flac\Classical_Classical_Frederic Chopin_Ballade number 4_mixed.flac
Classical_Classical_Wolfgang Amadeus Mozart_Sonate Opus KV 331 - Variation 5,train,C:\Users\tt\Desktop\project\data\flac_output\mix_audio_flac\Classical_Classical_Wolfgang Amadeus Mozart_Sonate Opus KV 331 - Variation 5_mixed.flac
Classical_Classical_Johann Sebastian Bach_BWV 1006a - Gigue,train,C:\Users\tt\Desktop\project\data\flac_output\mix_audio_flac\Classical_Classical_Johann Sebastian Bach_BWV 1006a - Gigue_mixed.flac
Classical_Classical_Gabriel Faure_Sicilienne,train,C:\Users\tt\Desktop\project\data\flac_output\mix_audio_flac\Classical_Classical_Gabriel Faure_Sicilienne_mixed.flac
Classical_Classical_Wolfgang Amadeus Mozart_Piano Concerto No21,train,C:\Users\tt\Desktop\project\data\flac_output\mix_audio_flac\Classical_Classical_Wolfgang Amadeus Mozart_Piano Concerto No21_mixed.flac
"Classical_Classical_Ludwig van Beethoven_Symphony no 5, Piano reduction",train,"C:\Users\tt\Desktop\project\data\flac_output\mix_audio_flac\Classical_Classical_Ludwig van Beethoven_Symphony no 5, Piano reduction_mixed.flac"
Classical_Classical_Johann Sebastian Bach_English Suite I Bourree II,train,C:\Users\tt\Desktop\project\data\flac_output\mix_audio_flac\Classical_Classical_Johann Sebastian Bach_English Suite I Bourree II_mixed.flac
Classical_Classical_Claude Debussy_Arabesque n 1,train,C:\Users\tt\Desktop\project\data\flac_output\mix_audio_flac\Classical_Classical_Claude Debussy_Arabesque n 1_mixed.flac
Classical_Classical_Yo-Yo Ma_Clarinet SonataI Grazioso,train,C:\Users\tt\Desktop\project\data\flac_output\mix_audio_flac\Classical_Classical_Yo-Yo Ma_Clarinet SonataI Grazioso_mixed.flac
Classical_Classical_Henry Purcell_Air in D Minor,train,C:\Users\tt\Desktop\project\data\flac_output\mix_audio_flac\Classical_Classical_Henry Purcell_Air in D Minor_mixed.flac
"Classical_Classical_Frederic Chopin_Etüde a-moll Op 10, No 2",train,"C:\Users\tt\Desktop\project\data\flac_output\mix_audio_flac\Classical_Classical_Frederic Chopin_Etüde a-moll Op 10, No 2_mixed.flac"
"Classical_Classical_Johann Sebastian Bach_Das Wohltemperierte Clavier I, Praeludium II",train,"C:\Users\tt\Desktop\project\data\flac_output\mix_audio_flac\Classical_Classical_Johann Sebastian Bach_Das Wohltemperierte Clavier I, Praeludium II_mixed.flac"
Classical_Classical_Wolfgang Amadeus Mozart_Fugue Fragment Anh 41 (375g),train,C:\Users\tt\Desktop\project\data\flac_output\mix_audio_flac\Classical_Classical_Wolfgang Amadeus Mozart_Fugue Fragment Anh 41 (375g)_mixed.flac
Classical_Classical_Wolfgang Amadeus Mozart_Piano Sonata No11,train,C:\Users\tt\Desktop\project\data\flac_output\mix_audio_flac\Classical_Classical_Wolfgang Amadeus Mozart_Piano Sonata No11_mixed.flac
Classical_Classical_Johann Sebastian Bach_Sonata in B 3,train,C:\Users\tt\Desktop\project\data\flac_output\mix_audio_flac\Classical_Classical_Johann Sebastian Bach_Sonata in B 3_mixed.flac
Classical_Classical_Johann Sebastian Bach_Three-part Invention,train,C:\Users\tt\Desktop\project\data\flac_output\mix_audio_flac\Classical_Classical_Johann Sebastian Bach_Three-part Invention_mixed.flac
Classical_Classical_Wolfgang Amadeus Mozart_Theme from Piano Concerto In C K467,train,C:\Users\tt\Desktop\project\data\flac_output\mix_audio_flac\Classical_Classical_Wolfgang Amadeus Mozart_Theme from Piano Concerto In C K467_mixed.flac
Classical_Classical_Robert Schumann_The Happy Farmer,train,C:\Users\tt\Desktop\project\data\flac_output\mix_audio_flac\Classical_Classical_Robert Schumann_The Happy Farmer_mixed.flac
Classical_Classical_Joseph Haydn_3 Nemet-3 Deutsche Tanze Primo,train,C:\Users\tt\Desktop\project\data\flac_output\mix_audio_flac\Classical_Classical_Joseph Haydn_3 Nemet-3 Deutsche Tanze Primo_mixed.flac
Classical_Classical_Franz Schubert_Lachen und Weinen,train,C:\Users\tt\Desktop\project\data\flac_output\mix_audio_flac\Classical_Classical_Franz Schubert_Lachen und Weinen_mixed.flac
Classical_Classical_Ludwig van Beethoven_Six Variations Op 76,train,C:\Users\tt\Desktop\project\data\flac_output\mix_audio_flac\Classical_Classical_Ludwig van Beethoven_Six Variations Op 76_mixed.flac
"Classical_Classical_Pyotr Ilyich Tchaikovsky_The Seasons February, op372",train,"C:\Users\tt\Desktop\project\data\flac_output\mix_audio_flac\Classical_Classical_Pyotr Ilyich Tchaikovsky_The Seasons February, op372_mixed.flac"
Classical_Classical_Frederic Chopin_Nocturne 8 in Db Major,train,C:\Users\tt\Desktop\project\data\flac_output\mix_audio_flac\Classical_Classical_Frederic Chopin_Nocturne 8 in Db Major_mixed.flac
Classical_Classical_Murray Perahia_Sonata in C minor for Piano_ D 958II Adagio,train,C:\Users\tt\Desktop\project\data\flac_output\mix_audio_flac\Classical_Classical_Murray Perahia_Sonata in C minor for Piano_ D 958II Adagio_mixed.flac
Classical_Classical_Franz Schubert_Nacht und Träume,train,C:\Users\tt\Desktop\project\data\flac_output\mix_audio_flac\Classical_Classical_Franz Schubert_Nacht und Träume_mixed.flac
"Classical_Classical_Johannes Brahms_Waltz Op39, No 15",train,"C:\Users\tt\Desktop\project\data\flac_output\mix_audio_flac\Classical_Classical_Johannes Brahms_Waltz Op39, No 15_mixed.flac"
Classical_Classical_Frederic Chopin_Sonate 2 b-moll,train,C:\Users\tt\Desktop\project\data\flac_output\mix_audio_flac\Classical_Classical_Frederic Chopin_Sonate 2 b-moll_mixed.flac
Classical_Classical_Johann Sebastian Bach_Gavotte,train,C:\Users\tt\Desktop\project\data\flac_output\mix_audio_flac\Classical_Classical_Johann Sebastian Bach_Gavotte_mixed.flac
Classical_Classical_Johann Sebastian Bach_Italian Concerto 3,train,C:\Users\tt\Desktop\project\data\flac_output\mix_audio_flac\Classical_Classical_Johann Sebastian Bach_Italian Concerto 3_mixed.flac
Classical_Classical_Franz Schubert_Trio,train,C:\Users\tt\Desktop\project\data\flac_output\mix_audio_flac\Classical_Classical_Franz Schubert_Trio_mixed.flac
Classical_Classical_Wolfgang Amadeus Mozart_A Musical Joke,train,C:\Users\tt\Desktop\project\data\flac_output\mix_audio_flac\Classical_Classical_Wolfgang Amadeus Mozart_A Musical Joke_mixed.flac
Classical_Classical_Johann Sebastian Bach_Toccata and Fugue in D Minor,train,C:\Users\tt\Desktop\project\data\flac_output\mix_audio_flac\Classical_Classical_Johann Sebastian Bach_Toccata and Fugue in D Minor_mixed.flac
Classical_Classical_Robert Schumann_Poor Orphan,train,C:\Users\tt\Desktop\project\data\flac_output\mix_audio_flac\Classical_Classical_Robert Schumann_Poor Orphan_mixed.flac
Classical_Classical_Franz Schubert_Wild rose,train,C:\Users\tt\Desktop\project\data\flac_output\mix_audio_flac\Classical_Classical_Franz Schubert_Wild rose_mixed.flac
Classical_Classical_Wolfgang Amadeus Mozart_Trio in E-flat Major KV 498 2,train,C:\Users\tt\Desktop\project\data\flac_output\mix_audio_flac\Classical_Classical_Wolfgang Amadeus Mozart_Trio in E-flat Major KV 498 2_mixed.flac
"Classical_Classical_Johann Sebastian Bach_Das Wohltemperierte Clavier I, Praeludium VI",train,"C:\Users\tt\Desktop\project\data\flac_output\mix_audio_flac\Classical_Classical_Johann Sebastian Bach_Das Wohltemperierte Clavier I, Praeludium VI_mixed.flac"
Classical_Classical_Wolfgang Amadeus Mozart_Minuet and Trio,train,C:\Users\tt\Desktop\project\data\flac_output\mix_audio_flac\Classical_Classical_Wolfgang Amadeus Mozart_Minuet and Trio_mixed.flac
Classical_Classical_Ludwig van Beethoven_Ode to Joy,train,C:\Users\tt\Desktop\project\data\flac_output\mix_audio_flac\Classical_Classical_Ludwig van Beethoven_Ode to Joy_mixed.flac
Classical_Classical_Felix Mendelssohn_Ballad,train,C:\Users\tt\Desktop\project\data\flac_output\mix_audio_flac\Classical_Classical_Felix Mendelssohn_Ballad_mixed.flac
Classical_Classical_Carl Maria Von Weber_Scherzo by Weber,train,C:\Users\tt\Desktop\project\data\flac_output\mix_audio_flac\Classical_Classical_Carl Maria Von Weber_Scherzo by Weber_mixed.flac
"Classical_Classical_Joseph Haydn_Sonate I, III - Presto",train,"C:\Users\tt\Desktop\project\data\flac_output\mix_audio_flac\Classical_Classical_Joseph Haydn_Sonate I, III - Presto_mixed.flac"
"Classical_Classical_Johann Sebastian Bach_French Suite no 5 in G Major, II",train,"C:\Users\tt\Desktop\project\data\flac_output\mix_audio_flac\Classical_Classical_Johann Sebastian Bach_French Suite no 5 in G Major, II_mixed.flac"
Classical_Classical_Carl Maria Von Weber_Huntsmens Chorus,train,C:\Users\tt\Desktop\project\data\flac_output\mix_audio_flac\Classical_Classical_Carl Maria Von Weber_Huntsmens Chorus_mixed.flac
Classical_Classical_Franz Schubert_Psalm 23,train,C:\Users\tt\Desktop\project\data\flac_output\mix_audio_flac\Classical_Classical_Franz Schubert_Psalm 23_mixed.flac
Classical_Classical_Wolfgang Amadeus Mozart_Fragment ADOper Die Zauberflote 2,train,C:\Users\tt\Desktop\project\data\flac_output\mix_audio_flac\Classical_Classical_Wolfgang Amadeus Mozart_Fragment ADOper Die Zauberflote 2_mixed.flac
Classical_Classical_Wolfgang Amadeus Mozart_Air,train,C:\Users\tt\Desktop\project\data\flac_output\mix_audio_flac\Classical_Classical_Wolfgang Amadeus Mozart_Air_mixed.flac
Classical_Classical_Frederic Chopin_Etüde As-Dur Op 25  No 1,train,C:\Users\tt\Desktop\project\data\flac_output\mix_audio_flac\Classical_Classical_Frederic Chopin_Etüde As-Dur Op 25  No 1_mixed.flac
Classical_Classical_Franz Schubert_Schwanengesang,train,C:\Users\tt\Desktop\project\data\flac_output\mix_audio_flac\Classical_Classical_Franz Schubert_Schwanengesang_mixed.flac
Classical_Classical_Franz Schubert_Entrance Act from Rosamunde,train,C:\Users\tt\Desktop\project\data\flac_output\mix_audio_flac\Classical_Classical_Franz Schubert_Entrance Act from Rosamunde_mixed.flac
Classical_Classical_Carl Nielsen_Canto Serioso,train,C:\Users\tt\Desktop\project\data\flac_output\mix_audio_flac\Classical_Classical_Carl Nielsen_Canto Serioso_mixed.flac
Classical_Classical_Claude Debussy_Reverie,train,C:\Users\tt\Desktop\project\data\flac_output\mix_audio_flac\Classical_Classical_Claude Debussy_Reverie_mixed.flac
Classical_Classical_Ruggero Leoncavallo_Vesti la Giubba-Pagliacci,train,C:\Users\tt\Desktop\project\data\flac_output\mix_audio_flac\Classical_Classical_Ruggero Leoncavallo_Vesti la Giubba-Pagliacci_mixed.flac
Classical_Classical_Wolfgang Amadeus Mozart_Twinkle Twinkle Little Star,train,C:\Users\tt\Desktop\project\data\flac_output\mix_audio_flac\Classical_Classical_Wolfgang Amadeus Mozart_Twinkle Twinkle Little Star_mixed.flac
Classical_Classical_Ludwig van Beethoven_Violin Sonata No 9 in A Minor,train,C:\Users\tt\Desktop\project\data\flac_output\mix_audio_flac\Classical_Classical_Ludwig van Beethoven_Violin Sonata No 9 in A Minor_mixed.flac
Classical_Classical_Frederic Chopin_Prelude Op 28  No 20,train,C:\Users\tt\Desktop\project\data\flac_output\mix_audio_flac\Classical_Classical_Frederic Chopin_Prelude Op 28  No 20_mixed.flac
Classical_Classical_Arcangelo Corelli_Adagio,train,C:\Users\tt\Desktop\project\data\flac_output\mix_audio_flac\Classical_Classical_Arcangelo Corelli_Adagio_mixed.flac
Classical_Classical_Ludwig van Beethoven_German Dance in C,train,C:\Users\tt\Desktop\project\data\flac_output\mix_audio_flac\Classical_Classical_Ludwig van Beethoven_German Dance in C_mixed.flac
"Classical_Classical_Wolfgang Amadeus Mozart_Eine Kleine Nachtmusik, Romance",train,"C:\Users\tt\Desktop\project\data\flac_output\mix_audio_flac\Classical_Classical_Wolfgang Amadeus Mozart_Eine Kleine Nachtmusik, Romance_mixed.flac"
Classical_Classical_Johann Sebastian Bach_Prelude,train,C:\Users\tt\Desktop\project\data\flac_output\mix_audio_flac\Classical_Classical_Johann Sebastian Bach_Prelude_mixed.flac
Classical_Classical_Gabriel Faure_Les roses d 19Ispahan,train,C:\Users\tt\Desktop\project\data\flac_output\mix_audio_flac\Classical_Classical_Gabriel Faure_Les roses d 19Ispahan_mixed.flac
Classical_Classical_Richard Strauss_Thus Spoke Zarathustra,train,C:\Users\tt\Desktop\project\data\flac_output\mix_audio_flac\Classical_Classical_Richard Strauss_Thus Spoke Zarathustra_mixed.flac
"Classical_Classical_Johann Sebastian Bach_Das Wohltemperierte Clavier I, Fuga VIII",train,"C:\Users\tt\Desktop\project\data\flac_output\mix_audio_flac\Classical_Classical_Johann Sebastian Bach_Das Wohltemperierte Clavier I, Fuga VIII_mixed.flac"
Classical_Classical_Bela Bartok_Imitation Reflected,train,C:\Users\tt\Desktop\project\data\flac_output\mix_audio_flac\Classical_Classical_Bela Bartok_Imitation Reflected_mixed.flac
Classical_Classical_Robert Schumann_Curiose Geschichte,train,C:\Users\tt\Desktop\project\data\flac_output\mix_audio_flac\Classical_Classical_Robert Schumann_Curiose Geschichte_mixed.flac
Classical_Classical_Wolfgang Amadeus Mozart_Satz-  330,train,C:\Users\tt\Desktop\project\data\flac_output\mix_audio_flac\Classical_Classical_Wolfgang Amadeus Mozart_Satz-  330_mixed.flac
Classical_Classical_Johann Sebastian Bach_Polonaise in F major,train,C:\Users\tt\Desktop\project\data\flac_output\mix_audio_flac\Classical_Classical_Johann Sebastian Bach_Polonaise in F major_mixed.flac
Classical_Classical_Johann Sebastian Bach_Invention 15,train,C:\Users\tt\Desktop\project\data\flac_output\mix_audio_flac\Classical_Classical_Johann Sebastian Bach_Invention 15_mixed.flac
Classical_Classical_Johann Sebastian Bach_Invention a 2 voix 1,train,C:\Users\tt\Desktop\project\data\flac_output\mix_audio_flac\Classical_Classical_Johann Sebastian Bach_Invention a 2 voix 1_mixed.flac
"Classical_Classical_Johann Sebastian Bach_Ich dank dir, lieber Herre",train,"C:\Users\tt\Desktop\project\data\flac_output\mix_audio_flac\Classical_Classical_Johann Sebastian Bach_Ich dank dir, lieber Herre_mixed.flac"
Classical_Classical_Frederic Chopin_Prelude Op 28  No 2,train,C:\Users\tt\Desktop\project\data\flac_output\mix_audio_flac\Classical_Classical_Frederic Chopin_Prelude Op 28  No 2_mixed.flac
Classical_Classical_Wolfgang Amadeus Mozart_Die Verschweigung,train,C:\Users\tt\Desktop\project\data\flac_output\mix_audio_flac\Classical_Classical_Wolfgang Amadeus Mozart_Die Verschweigung_mixed.flac
Classical_Classical_Johann Sebastian Bach_Minuet in B-flat major,train,C:\Users\tt\Desktop\project\data\flac_output\mix_audio_flac\Classical_Classical_Johann Sebastian Bach_Minuet in B-flat major_mixed.flac
Classical_Classical_Leif Ove Andsnes_9 Etudes-tableaux Op 33 No 6 in C sharp minor (originally No 9),train,C:\Users\tt\Desktop\project\data\flac_output\mix_audio_flac\Classical_Classical_Leif Ove Andsnes_9 Etudes-tableaux Op 33 No 6 in C sharp minor (originally No 9)_mixed.flac
Classical_Classical_Pyotr Ilyich Tchaikovsky_Waltz from Symphony No5,train,C:\Users\tt\Desktop\project\data\flac_output\mix_audio_flac\Classical_Classical_Pyotr Ilyich Tchaikovsky_Waltz from Symphony No5_mixed.flac
Classical_Classical_Bela Bartok_Canon at the Octave,train,C:\Users\tt\Desktop\project\data\flac_output\mix_audio_flac\Classical_Classical_Bela Bartok_Canon at the Octave_mixed.flac
Classical_Classical_Ludwig van Beethoven_Seven Variations on God Save the King,train,C:\Users\tt\Desktop\project\data\flac_output\mix_audio_flac\Classical_Classical_Ludwig van Beethoven_Seven Variations on God Save the King_mixed.flac
Classical_Classical_Johann Sebastian Bach_Sinfonia 11,train,C:\Users\tt\Desktop\project\data\flac_output\mix_audio_flac\Classical_Classical_Johann Sebastian Bach_Sinfonia 11_mixed.flac
Classical_Classical_Wolfgang Amadeus Mozart_Sonate Opus KV 331 - Variation 6,train,C:\Users\tt\Desktop\project\data\flac_output\mix_audio_flac\Classical_Classical_Wolfgang Amadeus Mozart_Sonate Opus KV 331 - Variation 6_mixed.flac
Classical_Classical_Pyotr Ilyich Tchaikovsky_Theme from Swan Lake,train,C:\Users\tt\Desktop\project\data\flac_output\mix_audio_flac\Classical_Classical_Pyotr Ilyich Tchaikovsky_Theme from Swan Lake_mixed.flac
Classical_Classical_Ruggero Leoncavallo_Mattinata,train,C:\Users\tt\Desktop\project\data\flac_output\mix_audio_flac\Classical_Classical_Ruggero Leoncavallo_Mattinata_mixed.flac
Classical_Classical_Johann Sebastian Bach_Bouree,train,C:\Users\tt\Desktop\project\data\flac_output\mix_audio_flac\Classical_Classical_Johann Sebastian Bach_Bouree_mixed.flac
Classical_Classical_George Frideric Handel_HWV361-score-4,train,C:\Users\tt\Desktop\project\data\flac_output\mix_audio_flac\Classical_Classical_George Frideric Handel_HWV361-score-4_mixed.flac
"Classical_Classical_Felix Mendelssohn_Clowns Dance Op61, No5",train,"C:\Users\tt\Desktop\project\data\flac_output\mix_audio_flac\Classical_Classical_Felix Mendelssohn_Clowns Dance Op61, No5_mixed.flac"
Classical_Classical_Richard Wagner_Bridal March from Lohengrin,train,C:\Users\tt\Desktop\project\data\flac_output\mix_audio_flac\Classical_Classical_Richard Wagner_Bridal March from Lohengrin_mixed.flac
Classical_Classical_Johann Sebastian Bach_Italian Concerto 1,train,C:\Users\tt\Desktop\project\data\flac_output\mix_audio_flac\Classical_Classical_Johann Sebastian Bach_Italian Concerto 1_mixed.flac
Classical_Classical_Felix Mendelssohn_Song of the Spring,train,C:\Users\tt\Desktop\project\data\flac_output\mix_audio_flac\Classical_Classical_Felix Mendelssohn_Song of the Spring_mixed.flac
Classical_Classical_Anton Rubinstein_Melody in F,train,C:\Users\tt\Desktop\project\data\flac_output\mix_audio_flac\Classical_Classical_Anton Rubinstein_Melody in F_mixed.flac
Classical_Classical_Ludwig van Beethoven_Sonate 14 - Presto Agitato,train,C:\Users\tt\Desktop\project\data\flac_output\mix_audio_flac\Classical_Classical_Ludwig van Beethoven_Sonate 14 - Presto Agitato_mixed.flac
Classical_Classical_Joseph Haydn_Emperors Hymn,train,C:\Users\tt\Desktop\project\data\flac_output\mix_audio_flac\Classical_Classical_Joseph Haydn_Emperors Hymn_mixed.flac
Classical_Classical_Franz Schubert_Auf dem Strom,train,C:\Users\tt\Desktop\project\data\flac_output\mix_audio_flac\Classical_Classical_Franz Schubert_Auf dem Strom_mixed.flac
Classical_Classical_Frederic Chopin_Funeral March,train,C:\Users\tt\Desktop\project\data\flac_output\mix_audio_flac\Classical_Classical_Frederic Chopin_Funeral March_mixed.flac
"Classical_Classical_Johann Sebastian Bach_Musicalisches Opfer, Ricercare",train,"C:\Users\tt\Desktop\project\data\flac_output\mix_audio_flac\Classical_Classical_Johann Sebastian Bach_Musicalisches Opfer, Ricercare_mixed.flac"
Classical_Classical_George Frideric Handel_Menuet (Trio),train,C:\Users\tt\Desktop\project\data\flac_output\mix_audio_flac\Classical_Classical_George Frideric Handel_Menuet (Trio)_mixed.flac
Classical_Classical_Ludwig van Beethoven_Fur Elise,train,C:\Users\tt\Desktop\project\data\flac_output\mix_audio_flac\Classical_Classical_Ludwig van Beethoven_Fur Elise_mixed.flac
Classical_Classical_Gaetano Donizetti_Sextet,train,C:\Users\tt\Desktop\project\data\flac_output\mix_audio_flac\Classical_Classical_Gaetano Donizetti_Sextet_mixed.flac
Classical_Classical_George Frideric Handel_Sonatina in B Flat Minor for Piano,train,C:\Users\tt\Desktop\project\data\flac_output\mix_audio_flac\Classical_Classical_George Frideric Handel_Sonatina in B Flat Minor for Piano_mixed.flac
Classical_Classical_Franz Schubert_Impromptu in As-dur 2,train,C:\Users\tt\Desktop\project\data\flac_output\mix_audio_flac\Classical_Classical_Franz Schubert_Impromptu in As-dur 2_mixed.flac
Classical_Classical_Antonio Vivaldi_Summer,train,C:\Users\tt\Desktop\project\data\flac_output\mix_audio_flac\Classical_Classical_Antonio Vivaldi_Summer_mixed.flac
Classical_Classical_Niccolo Paganini_Caprice in A minor,train,C:\Users\tt\Desktop\project\data\flac_output\mix_audio_flac\Classical_Classical_Niccolo Paganini_Caprice in A minor_mixed.flac
Classical_Classical_Giuseppe Verdi_Song of the Duke,train,C:\Users\tt\Desktop\project\data\flac_output\mix_audio_flac\Classical_Classical_Giuseppe Verdi_Song of the Duke_mixed.flac
Classical_Classical_Johannes Brahms_Sapphische Ode,train,C:\Users\tt\Desktop\project\data\flac_output\mix_audio_flac\Classical_Classical_Johannes Brahms_Sapphische Ode_mixed.flac
"Classical_Classical_Robert Schumann_Melody, Op68,No1",train,"C:\Users\tt\Desktop\project\data\flac_output\mix_audio_flac\Classical_Classical_Robert Schumann_Melody, Op68,No1_mixed.flac"
Classical_Classical_Ludwig van Beethoven_Sonata No 17,train,C:\Users\tt\Desktop\project\data\flac_output\mix_audio_flac\Classical_Classical_Ludwig van Beethoven_Sonata No 17_mixed.flac
Classical_Classical_Johann Sebastian Bach_Minuet in A minor,train,C:\Users\tt\Desktop\project\data\flac_output\mix_audio_flac\Classical_Classical_Johann Sebastian Bach_Minuet in A minor_mixed.flac
Classical_Classical_Pyotr Ilyich Tchaikovsky_Walts of the Flowers,train,C:\Users\tt\Desktop\project\data\flac_output\mix_audio_flac\Classical_Classical_Pyotr Ilyich Tchaikovsky_Walts of the Flowers_mixed.flac
Classical_Classical_Johann Sebastian Bach_Sinfonia 8,train,C:\Users\tt\Desktop\project\data\flac_output\mix_audio_flac\Classical_Classical_Johann Sebastian Bach_Sinfonia 8_mixed.flac
Classical_Classical_Giacomo Puccini_Nessun dorma-Turandot,train,C:\Users\tt\Desktop\project\data\flac_output\mix_audio_flac\Classical_Classical_Giacomo Puccini_Nessun dorma-Turandot_mixed.flac
Classical_Classical_John Philip Sousa_The Washington Post,train,C:\Users\tt\Desktop\project\data\flac_output\mix_audio_flac\Classical_Classical_John Philip Sousa_The Washington Post_mixed.flac
Classical_Classical_Sergei Rachmaninoff_In the Troika_ Op 67_ No 4,train,C:\Users\tt\Desktop\project\data\flac_output\mix_audio_flac\Classical_Classical_Sergei Rachmaninoff_In the Troika_ Op 67_ No 4_mixed.flac
Classical_Classical_Giuseppe Verdi_La Traviata - N7 Scena e duetto,train,C:\Users\tt\Desktop\project\data\flac_output\mix_audio_flac\Classical_Classical_Giuseppe Verdi_La Traviata - N7 Scena e duetto_mixed.flac
Classical_Classical_Wolfgang Amadeus Mozart_Eine Kleine Nachtmusik (Serenade),train,C:\Users\tt\Desktop\project\data\flac_output\mix_audio_flac\Classical_Classical_Wolfgang Amadeus Mozart_Eine Kleine Nachtmusik (Serenade)_mixed.flac
Classical_Classical_Frederic Chopin_Prelude Op 28 No 4,train,C:\Users\tt\Desktop\project\data\flac_output\mix_audio_flac\Classical_Classical_Frederic Chopin_Prelude Op 28 No 4_mixed.flac
"Classical_Classical_Johann Sebastian Bach_Das Wohltemperierte Clavier II, Praeludium VI",train,"C:\Users\tt\Desktop\project\data\flac_output\mix_audio_flac\Classical_Classical_Johann Sebastian Bach_Das Wohltemperierte Clavier II, Praeludium VI_mixed.flac"
"Classical_Classical_Johann Sebastian Bach_Das Wohltemperierte Clavier I, Fuga XVI",train,"C:\Users\tt\Desktop\project\data\flac_output\mix_audio_flac\Classical_Classical_Johann Sebastian Bach_Das Wohltemperierte Clavier I, Fuga XVI_mixed.flac"
"Classical_Classical_Georges Bizet_Toreador, En Garde",train,"C:\Users\tt\Desktop\project\data\flac_output\mix_audio_flac\Classical_Classical_Georges Bizet_Toreador, En Garde_mixed.flac"
Classical_Classical_Wolfgang Amadeus Mozart_k379-Score-2,train,C:\Users\tt\Desktop\project\data\flac_output\mix_audio_flac\Classical_Classical_Wolfgang Amadeus Mozart_k379-Score-2_mixed.flac
Classical_Classical_Johann Sebastian Bach_Six Partitas (Clavierubung part I) No 5,train,C:\Users\tt\Desktop\project\data\flac_output\mix_audio_flac\Classical_Classical_Johann Sebastian Bach_Six Partitas (Clavierubung part I) No 5_mixed.flac
Classical_Classical_Wolfgang Amadeus Mozart_Sonata No 18,train,C:\Users\tt\Desktop\project\data\flac_output\mix_audio_flac\Classical_Classical_Wolfgang Amadeus Mozart_Sonata No 18_mixed.flac
Classical_Classical_Johann Sebastian Bach_Minuet in F major,train,C:\Users\tt\Desktop\project\data\flac_output\mix_audio_flac\Classical_Classical_Johann Sebastian Bach_Minuet in F major_mixed.flac
"Classical_Classical_George Frideric Handel_Air, The Water Music",train,"C:\Users\tt\Desktop\project\data\flac_output\mix_audio_flac\Classical_Classical_George Frideric Handel_Air, The Water Music_mixed.flac"
Classical_Classical_Franz Schubert_Die Junge Nonne,train,C:\Users\tt\Desktop\project\data\flac_output\mix_audio_flac\Classical_Classical_Franz Schubert_Die Junge Nonne_mixed.flac
Classical_Classical_Giuseppe Verdi_Donne E Mobile,train,C:\Users\tt\Desktop\project\data\flac_output\mix_audio_flac\Classical_Classical_Giuseppe Verdi_Donne E Mobile_mixed.flac
Classical_Classical_Bartok Bela_Minuetto-Minuetto,train,C:\Users\tt\Desktop\project\data\flac_output\mix_audio_flac\Classical_Classical_Bartok Bela_Minuetto-Minuetto_mixed.flac
Classical_Classical_George Frideric Handel_Menuet I,train,C:\Users\tt\Desktop\project\data\flac_output\mix_audio_flac\Classical_Classical_George Frideric Handel_Menuet I_mixed.flac
Classical_Classical_Johann Sebastian Bach_English Suite II Bourree I,train,C:\Users\tt\Desktop\project\data\flac_output\mix_audio_flac\Classical_Classical_Johann Sebastian Bach_English Suite II Bourree I_mixed.flac
Classical_Classical_Ludwig van Beethoven_Give a Little Time to Your Love,train,C:\Users\tt\Desktop\project\data\flac_output\mix_audio_flac\Classical_Classical_Ludwig van Beethoven_Give a Little Time to Your Love_mixed.flac
Classical_Classical_Antonio Vivaldi_Largo,train,C:\Users\tt\Desktop\project\data\flac_output\mix_audio_flac\Classical_Classical_Antonio Vivaldi_Largo_mixed.flac
Classical_Classical_Robert Schumann_Kinderscenen - Hasche-Mann,train,C:\Users\tt\Desktop\project\data\flac_output\mix_audio_flac\Classical_Classical_Robert Schumann_Kinderscenen - Hasche-Mann_mixed.flac
Classical_Classical_Robert Schumann_The Poor Orphan,train,C:\Users\tt\Desktop\project\data\flac_output\mix_audio_flac\Classical_Classical_Robert Schumann_The Poor Orphan_mixed.flac
"Classical_Classical_Johann Sebastian Bach_Sinfonia 3, BWV 789",train,"C:\Users\tt\Desktop\project\data\flac_output\mix_audio_flac\Classical_Classical_Johann Sebastian Bach_Sinfonia 3, BWV 789_mixed.flac"
Classical_Classical_George Frideric Handel_Largo,train,C:\Users\tt\Desktop\project\data\flac_output\mix_audio_flac\Classical_Classical_George Frideric Handel_Largo_mixed.flac
Classical_Classical_Ludwig van Beethoven_String Quartet No9,train,C:\Users\tt\Desktop\project\data\flac_output\mix_audio_flac\Classical_Classical_Ludwig van Beethoven_String Quartet No9_mixed.flac
Classical_Classical_Franz Schubert_Gretchen am Spinnrade,train,C:\Users\tt\Desktop\project\data\flac_output\mix_audio_flac\Classical_Classical_Franz Schubert_Gretchen am Spinnrade_mixed.flac
"Classical_Classical_Johann Sebastian Bach_Sinfonia 1, BWV 787",train,"C:\Users\tt\Desktop\project\data\flac_output\mix_audio_flac\Classical_Classical_Johann Sebastian Bach_Sinfonia 1, BWV 787_mixed.flac"
Classical_Classical_George Frideric Handel_Ouvertuere,train,C:\Users\tt\Desktop\project\data\flac_output\mix_audio_flac\Classical_Classical_George Frideric Handel_Ouvertuere_mixed.flac
Classical_Classical_Wolfgang Amadeus Mozart_Gigue in G Major,train,C:\Users\tt\Desktop\project\data\flac_output\mix_audio_flac\Classical_Classical_Wolfgang Amadeus Mozart_Gigue in G Major_mixed.flac
Classical_Classical_Johann Sebastian Bach_English Suite I Bourree I,train,C:\Users\tt\Desktop\project\data\flac_output\mix_audio_flac\Classical_Classical_Johann Sebastian Bach_English Suite I Bourree I_mixed.flac
Classical_Classical_Johann Sebastian Bach_Air on a G string,train,C:\Users\tt\Desktop\project\data\flac_output\mix_audio_flac\Classical_Classical_Johann Sebastian Bach_Air on a G string_mixed.flac
Classical_Classical_Antonio Vivaldi_Concerto for Two Mandolins,train,C:\Users\tt\Desktop\project\data\flac_output\mix_audio_flac\Classical_Classical_Antonio Vivaldi_Concerto for Two Mandolins_mixed.flac
Classical_Classical_Johann Sebastian Bach_Sinfonia 7,train,C:\Users\tt\Desktop\project\data\flac_output\mix_audio_flac\Classical_Classical_Johann Sebastian Bach_Sinfonia 7_mixed.flac
Classical_Classical_Giuseppe Verdi_La Traviata - N8 Scena e duettino,train,C:\Users\tt\Desktop\project\data\flac_output\mix_audio_flac\Classical_Classical_Giuseppe Verdi_La Traviata - N8 Scena e duettino_mixed.flac
Classical_Classical_Wolfgang Amadeus Mozart_Elvira Madigan,train,C:\Users\tt\Desktop\project\data\flac_output\mix_audio_flac\Classical_Classical_Wolfgang Amadeus Mozart_Elvira Madigan_mixed.flac
Classical_Classical_Johann Sebastian Bach_French Suite no 5 in G major,train,C:\Users\tt\Desktop\project\data\flac_output\mix_audio_flac\Classical_Classical_Johann Sebastian Bach_French Suite no 5 in G major_mixed.flac
Classical_Classical_Alfred Brendel_Symphonic Etudes_ Op 13_ Etude No 3,train,C:\Users\tt\Desktop\project\data\flac_output\mix_audio_flac\Classical_Classical_Alfred Brendel_Symphonic Etudes_ Op 13_ Etude No 3_mixed.flac
Classical_Classical_Franz Schubert_Theme(from Unfinished Symphony),train,C:\Users\tt\Desktop\project\data\flac_output\mix_audio_flac\Classical_Classical_Franz Schubert_Theme(from Unfinished Symphony)_mixed.flac
Classical_Classical_George Frideric Handel_HWV370-score-2,train,C:\Users\tt\Desktop\project\data\flac_output\mix_audio_flac\Classical_Classical_George Frideric Handel_HWV370-score-2_mixed.flac
Classical_Classical_Ludwig van Beethoven_Sonata No 8  1CPathétique 1D,train,C:\Users\tt\Desktop\project\data\flac_output\mix_audio_flac\Classical_Classical_Ludwig van Beethoven_Sonata No 8  1CPathétique 1D_mixed.flac
Classical_Classical_Ludwig van Beethoven_Sonatina in G,train,C:\Users\tt\Desktop\project\data\flac_output\mix_audio_flac\Classical_Classical_Ludwig van Beethoven_Sonatina in G_mixed.flac
Classical_Classical_Wolfgang Amadeus Mozart_Fragment ADOper Die Zauberflote1,train,C:\Users\tt\Desktop\project\data\flac_output\mix_audio_flac\Classical_Classical_Wolfgang Amadeus Mozart_Fragment ADOper Die Zauberflote1_mixed.flac
"Classical_Classical_Johann Sebastian Bach_Das Wohltemperierte Clavier I, Fuga XXIV",train,"C:\Users\tt\Desktop\project\data\flac_output\mix_audio_flac\Classical_Classical_Johann Sebastian Bach_Das Wohltemperierte Clavier I, Fuga XXIV_mixed.flac"
Classical_Classical_Johann Strauss_The Blue Danube Waltz (main theme),train,C:\Users\tt\Desktop\project\data\flac_output\mix_audio_flac\Classical_Classical_Johann Strauss_The Blue Danube Waltz (main theme)_mixed.flac
Classical_Classical_Ludwig van Beethoven_Sonata No 1,train,C:\Users\tt\Desktop\project\data\flac_output\mix_audio_flac\Classical_Classical_Ludwig van Beethoven_Sonata No 1_mixed.flac
Classical_Classical_Robert Schumann_8Le cavalier sauvage,train,C:\Users\tt\Desktop\project\data\flac_output\mix_audio_flac\Classical_Classical_Robert Schumann_8Le cavalier sauvage_mixed.flac
Classical_Classical_Robert Schumann_18Chant des Moissonneurs,train,C:\Users\tt\Desktop\project\data\flac_output\mix_audio_flac\Classical_Classical_Robert Schumann_18Chant des Moissonneurs_mixed.flac
Classical_Classical_Claude Debussy_Au Clair De La Lune,train,C:\Users\tt\Desktop\project\data\flac_output\mix_audio_flac\Classical_Classical_Claude Debussy_Au Clair De La Lune_mixed.flac
Classical_Classical_Wolfgang Amadeus Mozart_Menuett by WAMozart,train,C:\Users\tt\Desktop\project\data\flac_output\mix_audio_flac\Classical_Classical_Wolfgang Amadeus Mozart_Menuett by WAMozart_mixed.flac
Classical_Classical_Johann Sebastian Bach_Menuett 3,train,C:\Users\tt\Desktop\project\data\flac_output\mix_audio_flac\Classical_Classical_Johann Sebastian Bach_Menuett 3_mixed.flac
"Classical_Classical_Johann Sebastian Bach_Das Wohltemperierte Clavier I, Praeludium XVI",train,"C:\Users\tt\Desktop\project\data\flac_output\mix_audio_flac\Classical_Classical_Johann Sebastian Bach_Das Wohltemperierte Clavier I, Praeludium XVI_mixed.flac"
Classical_Classical_Georges Bizet_Carmen - Prelude,train,C:\Users\tt\Desktop\project\data\flac_output\mix_audio_flac\Classical_Classical_Georges Bizet_Carmen - Prelude_mixed.flac
Classical_Classical_Gabriel Faure_Berceuse from Dolly Suite,train,C:\Users\tt\Desktop\project\data\flac_output\mix_audio_flac\Classical_Classical_Gabriel Faure_Berceuse from Dolly Suite_mixed.flac
"Classical_Classical_Johann Sebastian Bach_Das Wohltemperierte Clavier I, Praeludium XV",train,"C:\Users\tt\Desktop\project\data\flac_output\mix_audio_flac\Classical_Classical_Johann Sebastian Bach_Das Wohltemperierte Clavier I, Praeludium XV_mixed.flac"
Classical_Classical_Bela Bartok_In Phrygian Mode,train,C:\Users\tt\Desktop\project\data\flac_output\mix_audio_flac\Classical_Classical_Bela Bartok_In Phrygian Mode_mixed.flac
Classical_Classical_Johann Sebastian Bach_Allemande,train,C:\Users\tt\Desktop\project\data\flac_output\mix_audio_flac\Classical_Classical_Johann Sebastian Bach_Allemande_mixed.flac
"Classical_Classical_Wolfgang Amadeus Mozart_Zerlinas Song, Don Giovanni",train,"C:\Users\tt\Desktop\project\data\flac_output\mix_audio_flac\Classical_Classical_Wolfgang Amadeus Mozart_Zerlinas Song, Don Giovanni_mixed.flac"
Classical_Classical_Johann Sebastian Bach_Matthäus Passion,train,C:\Users\tt\Desktop\project\data\flac_output\mix_audio_flac\Classical_Classical_Johann Sebastian Bach_Matthäus Passion_mixed.flac
"Classical_Classical_Joseph Haydn_Sonate I, I - Allegro con brio",train,"C:\Users\tt\Desktop\project\data\flac_output\mix_audio_flac\Classical_Classical_Joseph Haydn_Sonate I, I - Allegro con brio_mixed.flac"
"Classical_Classical_Johann Sebastian Bach_Musikalisches Opfer, Ricercare a 6 2",train,"C:\Users\tt\Desktop\project\data\flac_output\mix_audio_flac\Classical_Classical_Johann Sebastian Bach_Musikalisches Opfer, Ricercare a 6 2_mixed.flac"
Classical_Classical_Giacomo Puccini_O My Beloved Father,train,C:\Users\tt\Desktop\project\data\flac_output\mix_audio_flac\Classical_Classical_Giacomo Puccini_O My Beloved Father_mixed.flac
Classical_Classical_Sergei Rachmaninoff_Prelude in C Sharp Minor,train,C:\Users\tt\Desktop\project\data\flac_output\mix_audio_flac\Classical_Classical_Sergei Rachmaninoff_Prelude in C Sharp Minor_mixed.flac
Classical_Classical_Wolfgang Amadeus Mozart_Larghetto,train,C:\Users\tt\Desktop\project\data\flac_output\mix_audio_flac\Classical_Classical_Wolfgang Amadeus Mozart_Larghetto_mixed.flac
Classical_Classical_Pyotr Ilyich Tchaikovsky_March,train,C:\Users\tt\Desktop\project\data\flac_output\mix_audio_flac\Classical_Classical_Pyotr Ilyich Tchaikovsky_March_mixed.flac
Classical_Classical_Robert Schumann_4Un choral,train,C:\Users\tt\Desktop\project\data\flac_output\mix_audio_flac\Classical_Classical_Robert Schumann_4Un choral_mixed.flac
Classical_Classical_Gabriel Faure_Après un Rêve,train,C:\Users\tt\Desktop\project\data\flac_output\mix_audio_flac\Classical_Classical_Gabriel Faure_Après un Rêve_mixed.flac
Classical_Classical_Robert Schumann_Album pour la jeunesse - 26,train,C:\Users\tt\Desktop\project\data\flac_output\mix_audio_flac\Classical_Classical_Robert Schumann_Album pour la jeunesse - 26_mixed.flac
Classical_Classical_Bela Bartok_Rogues Song,train,C:\Users\tt\Desktop\project\data\flac_output\mix_audio_flac\Classical_Classical_Bela Bartok_Rogues Song_mixed.flac
Classical_Classical_Richard Wagner_Bridal Chorus,train,C:\Users\tt\Desktop\project\data\flac_output\mix_audio_flac\Classical_Classical_Richard Wagner_Bridal Chorus_mixed.flac
Classical_Classical_Amilcare Ponchielli_Dance of the Hours,train,C:\Users\tt\Desktop\project\data\flac_output\mix_audio_flac\Classical_Classical_Amilcare Ponchielli_Dance of the Hours_mixed.flac
Classical_Classical_Camille Saint-Saens_Le Cygne (The Swan),train,C:\Users\tt\Desktop\project\data\flac_output\mix_audio_flac\Classical_Classical_Camille Saint-Saens_Le Cygne (The Swan)_mixed.flac
Classical_Classical_Bela Bartok_I Lost My Young Coupie,train,C:\Users\tt\Desktop\project\data\flac_output\mix_audio_flac\Classical_Classical_Bela Bartok_I Lost My Young Coupie_mixed.flac
Classical_Classical_Ludwig van Beethoven_Piano Trio Opus 11,train,C:\Users\tt\Desktop\project\data\flac_output\mix_audio_flac\Classical_Classical_Ludwig van Beethoven_Piano Trio Opus 11_mixed.flac
Classical_Classical_Johann Sebastian Bach_BWV 511,train,C:\Users\tt\Desktop\project\data\flac_output\mix_audio_flac\Classical_Classical_Johann Sebastian Bach_BWV 511_mixed.flac
Classical_Classical_Wolfgang Amadeus Mozart_Die Zufriedenheit,train,C:\Users\tt\Desktop\project\data\flac_output\mix_audio_flac\Classical_Classical_Wolfgang Amadeus Mozart_Die Zufriedenheit_mixed.flac
Classical_Classical_Ludwig van Beethoven_May Song,train,C:\Users\tt\Desktop\project\data\flac_output\mix_audio_flac\Classical_Classical_Ludwig van Beethoven_May Song_mixed.flac
Classical_Classical_Wolfgang Amadeus Mozart_Minuet from Don Giovanni,train,C:\Users\tt\Desktop\project\data\flac_output\mix_audio_flac\Classical_Classical_Wolfgang Amadeus Mozart_Minuet from Don Giovanni_mixed.flac
Classical_Classical_Wolfgang Amadeus Mozart_Divertimento No17,train,C:\Users\tt\Desktop\project\data\flac_output\mix_audio_flac\Classical_Classical_Wolfgang Amadeus Mozart_Divertimento No17_mixed.flac
Classical_Classical_Franz Schubert_Impromptu in F-moll,train,C:\Users\tt\Desktop\project\data\flac_output\mix_audio_flac\Classical_Classical_Franz Schubert_Impromptu in F-moll_mixed.flac
Classical_Classical_Johann Sebastian Bach_Partita BWV 1004,train,C:\Users\tt\Desktop\project\data\flac_output\mix_audio_flac\Classical_Classical_Johann Sebastian Bach_Partita BWV 1004_mixed.flac
Classical_Classical_Wolfgang Amadeus Mozart_Andante KV 467,train,C:\Users\tt\Desktop\project\data\flac_output\mix_audio_flac\Classical_Classical_Wolfgang Amadeus Mozart_Andante KV 467_mixed.flac
Classical_Classical_Jeremiah Clarke_Trumpet Voluntary,train,C:\Users\tt\Desktop\project\data\flac_output\mix_audio_flac\Classical_Classical_Jeremiah Clarke_Trumpet Voluntary_mixed.flac
Classical_Classical_Johann Sebastian Bach_Minuet in G variation,train,C:\Users\tt\Desktop\project\data\flac_output\mix_audio_flac\Classical_Classical_Johann Sebastian Bach_Minuet in G variation_mixed.flac
Classical_Classical_Wolfgang Amadeus Mozart_Fugue in G Minor KV 401375e,train,C:\Users\tt\Desktop\project\data\flac_output\mix_audio_flac\Classical_Classical_Wolfgang Amadeus Mozart_Fugue in G Minor KV 401375e_mixed.flac
Classical_Classical_Claude Debussy_Second Arabesque,train,C:\Users\tt\Desktop\project\data\flac_output\mix_audio_flac\Classical_Classical_Claude Debussy_Second Arabesque_mixed.flac
Classical_Classical_Felix Mendelssohn_Wedding March,train,C:\Users\tt\Desktop\project\data\flac_output\mix_audio_flac\Classical_Classical_Felix Mendelssohn_Wedding March_mixed.flac
Classical_Classical_Johann Sebastian Bach_Air,train,C:\Users\tt\Desktop\project\data\flac_output\mix_audio_flac\Classical_Classical_Johann Sebastian Bach_Air_mixed.flac
Classical_Classical_Gabriel Faure_Les Matelots,train,C:\Users\tt\Desktop\project\data\flac_output\mix_audio_flac\Classical_Classical_Gabriel Faure_Les Matelots_mixed.flac
Classical_Classical_Robert Schumann_Kinderscenen,train,C:\Users\tt\Desktop\project\data\flac_output\mix_audio_flac\Classical_Classical_Robert Schumann_Kinderscenen_mixed.flac
Classical_Classical_Wolfgang Amadeus Mozart_Sonate Opus KV 331 - Variation 4,train,C:\Users\tt\Desktop\project\data\flac_output\mix_audio_flac\Classical_Classical_Wolfgang Amadeus Mozart_Sonate Opus KV 331 - Variation 4_mixed.flac
Classical_Classical_Ludwig van Beethoven_Pour Elise,train,C:\Users\tt\Desktop\project\data\flac_output\mix_audio_flac\Classical_Classical_Ludwig van Beethoven_Pour Elise_mixed.flac
Classical_Classical_Joseph Haydn_German Dance 2,train,C:\Users\tt\Desktop\project\data\flac_output\mix_audio_flac\Classical_Classical_Joseph Haydn_German Dance 2_mixed.flac
Classical_Classical_Vladimir Horowitz_Toccata in C Major_ Op 7,train,C:\Users\tt\Desktop\project\data\flac_output\mix_audio_flac\Classical_Classical_Vladimir Horowitz_Toccata in C Major_ Op 7_mixed.flac
Classical_Classical_Franz Schubert_Der Hirt auf dem Felsen,train,C:\Users\tt\Desktop\project\data\flac_output\mix_audio_flac\Classical_Classical_Franz Schubert_Der Hirt auf dem Felsen_mixed.flac
Classical_Classical_Bela Bartok_In Dorian Mode,train,C:\Users\tt\Desktop\project\data\flac_output\mix_audio_flac\Classical_Classical_Bela Bartok_In Dorian Mode_mixed.flac
Classical_Classical_Franz Schubert_An den Mond D296,train,C:\Users\tt\Desktop\project\data\flac_output\mix_audio_flac\Classical_Classical_Franz Schubert_An den Mond D296_mixed.flac
Classical_Classical_Johann Sebastian Bach_Petite Prélude No 9,train,C:\Users\tt\Desktop\project\data\flac_output\mix_audio_flac\Classical_Classical_Johann Sebastian Bach_Petite Prélude No 9_mixed.flac
Classical_Classical_Wolfgang Amadeus Mozart_26 Keringo - Walzer,train,C:\Users\tt\Desktop\project\data\flac_output\mix_audio_flac\Classical_Classical_Wolfgang Amadeus Mozart_26 Keringo - Walzer_mixed.flac
Classical_Classical_Wolfgang Amadeus Mozart_Allegro,train,C:\Users\tt\Desktop\project\data\flac_output\mix_audio_flac\Classical_Classical_Wolfgang Amadeus Mozart_Allegro_mixed.flac
Classical_Classical_Frederic Chopin_Overture,train,C:\Users\tt\Desktop\project\data\flac_output\mix_audio_flac\Classical_Classical_Frederic Chopin_Overture_mixed.flac
Classical_Classical_Johann Sebastian Bach_Sonata in B 2,train,C:\Users\tt\Desktop\project\data\flac_output\mix_audio_flac\Classical_Classical_Johann Sebastian Bach_Sonata in B 2_mixed.flac
Classical_Classical_Ludwig van Beethoven_Sonata No 32 (1st Movement),train,C:\Users\tt\Desktop\project\data\flac_output\mix_audio_flac\Classical_Classical_Ludwig van Beethoven_Sonata No 32 (1st Movement)_mixed.flac
Classical_Classical_Pyotr Ilyich Tchaikovsky_Swan Lake Theme,train,C:\Users\tt\Desktop\project\data\flac_output\mix_audio_flac\Classical_Classical_Pyotr Ilyich Tchaikovsky_Swan Lake Theme_mixed.flac
Classical_Classical_Wolfgang Amadeus Mozart_Romance,train,C:\Users\tt\Desktop\project\data\flac_output\mix_audio_flac\Classical_Classical_Wolfgang Amadeus Mozart_Romance_mixed.flac
Classical_Classical_Robert Schumann_Kinderscenen - Wichtige Begebenheit,train,C:\Users\tt\Desktop\project\data\flac_output\mix_audio_flac\Classical_Classical_Robert Schumann_Kinderscenen - Wichtige Begebenheit_mixed.flac
"Classical_Classical_Frederic Chopin_Prelude Op 28, No 15",train,"C:\Users\tt\Desktop\project\data\flac_output\mix_audio_flac\Classical_Classical_Frederic Chopin_Prelude Op 28, No 15_mixed.flac"
Classical_Classical_Johann Sebastian Bach_BWV 1006a - Prélude,train,C:\Users\tt\Desktop\project\data\flac_output\mix_audio_flac\Classical_Classical_Johann Sebastian Bach_BWV 1006a - Prélude_mixed.flac
Classical_Classical_Joseph Haydn_27 Nemet Tanc - Deutscher Tanz,train,C:\Users\tt\Desktop\project\data\flac_output\mix_audio_flac\Classical_Classical_Joseph Haydn_27 Nemet Tanc - Deutscher Tanz_mixed.flac
Classical_Classical_Leif Ove Andsnes_Piano Sonata No 32 in C sharp minor_ HobXVI36 Third movement Minuet Moderato,train,C:\Users\tt\Desktop\project\data\flac_output\mix_audio_flac\Classical_Classical_Leif Ove Andsnes_Piano Sonata No 32 in C sharp minor_ HobXVI36 Third movement Minuet Moderato_mixed.flac
Classical_Classical_Joseph Haydn_The Surprise Symphony,train,C:\Users\tt\Desktop\project\data\flac_output\mix_audio_flac\Classical_Classical_Joseph Haydn_The Surprise Symphony_mixed.flac
Classical_Classical_Giuseppe Verdi_La Traviata - N10 Finale del Atto II,train,C:\Users\tt\Desktop\project\data\flac_output\mix_audio_flac\Classical_Classical_Giuseppe Verdi_La Traviata - N10 Finale del Atto II_mixed.flac
Classical_Classical_Jean-Philippe Rameau_Les Sauvages,train,C:\Users\tt\Desktop\project\data\flac_output\mix_audio_flac\Classical_Classical_Jean-Philippe Rameau_Les Sauvages_mixed.flac
Classical_Classical_Wolfgang Amadeus Mozart_Minuet,train,C:\Users\tt\Desktop\project\data\flac_output\mix_audio_flac\Classical_Classical_Wolfgang Amadeus Mozart_Minuet_mixed.flac
Classical_Classical_Wolfgang Amadeus Mozart_Les Echos,train,C:\Users\tt\Desktop\project\data\flac_output\mix_audio_flac\Classical_Classical_Wolfgang Amadeus Mozart_Les Echos_mixed.flac
"Classical_Classical_Johann Sebastian Bach_Das Wohltemperierte Clavier I, Fuga XI",train,"C:\Users\tt\Desktop\project\data\flac_output\mix_audio_flac\Classical_Classical_Johann Sebastian Bach_Das Wohltemperierte Clavier I, Fuga XI_mixed.flac"
Classical_Classical_Wolfgang Amadeus Mozart_Minuet In F K2,train,C:\Users\tt\Desktop\project\data\flac_output\mix_audio_flac\Classical_Classical_Wolfgang Amadeus Mozart_Minuet In F K2_mixed.flac
Classical_Classical_Johann Sebastian Bach_Invention 2,train,C:\Users\tt\Desktop\project\data\flac_output\mix_audio_flac\Classical_Classical_Johann Sebastian Bach_Invention 2_mixed.flac
Classical_Classical_Joseph Haydn_Menuett by JHaydn,train,C:\Users\tt\Desktop\project\data\flac_output\mix_audio_flac\Classical_Classical_Joseph Haydn_Menuett by JHaydn_mixed.flac
Classical_Classical_Frederic Chopin_Etüde Ges-Dur,train,C:\Users\tt\Desktop\project\data\flac_output\mix_audio_flac\Classical_Classical_Frederic Chopin_Etüde Ges-Dur_mixed.flac
Classical_Classical_Pyotr Ilyich Tchaikovsky_Walts from Swan Lake,train,C:\Users\tt\Desktop\project\data\flac_output\mix_audio_flac\Classical_Classical_Pyotr Ilyich Tchaikovsky_Walts from Swan Lake_mixed.flac
Classical_Classical_Georg Philipp Telemann_Gavotte-Gavotte,train,C:\Users\tt\Desktop\project\data\flac_output\mix_audio_flac\Classical_Classical_Georg Philipp Telemann_Gavotte-Gavotte_mixed.flac
Classical_Classical_Wolfgang Amadeus Mozart_Symphony No41 Jupiter,train,C:\Users\tt\Desktop\project\data\flac_output\mix_audio_flac\Classical_Classical_Wolfgang Amadeus Mozart_Symphony No41 Jupiter_mixed.flac
Classical_Classical_Franz Schubert_Trois Marches militaires 2,train,C:\Users\tt\Desktop\project\data\flac_output\mix_audio_flac\Classical_Classical_Franz Schubert_Trois Marches militaires 2_mixed.flac
Classical_Classical_Ludwig van Beethoven_Menuett Op WoO 82,train,C:\Users\tt\Desktop\project\data\flac_output\mix_audio_flac\Classical_Classical_Ludwig van Beethoven_Menuett Op WoO 82_mixed.flac
Classical_Classical_Frederic Chopin_Etüde c-moll Opus 10 No 12,train,C:\Users\tt\Desktop\project\data\flac_output\mix_audio_flac\Classical_Classical_Frederic Chopin_Etüde c-moll Opus 10 No 12_mixed.flac
Classical_Classical_Giuseppe Verdi_La Traviata - N16 Coro baccanale,train,C:\Users\tt\Desktop\project\data\flac_output\mix_audio_flac\Classical_Classical_Giuseppe Verdi_La Traviata - N16 Coro baccanale_mixed.flac
Classical_Classical_Johann Sebastian Bach_Sarabande,train,C:\Users\tt\Desktop\project\data\flac_output\mix_audio_flac\Classical_Classical_Johann Sebastian Bach_Sarabande_mixed.flac
Classical_Classical_Charles Gounod_Funeral,train,C:\Users\tt\Desktop\project\data\flac_output\mix_audio_flac\Classical_Classical_Charles Gounod_Funeral_mixed.flac
Classical_Classical_Giuseppe Verdi_La Traviata - Preludio,train,C:\Users\tt\Desktop\project\data\flac_output\mix_audio_flac\Classical_Classical_Giuseppe Verdi_La Traviata - Preludio_mixed.flac
Classical_Classical_Giulio Caccini_Ave maria,train,C:\Users\tt\Desktop\project\data\flac_output\mix_audio_flac\Classical_Classical_Giulio Caccini_Ave maria_mixed.flac
Classical_Classical_Johannes Brahms_Variations on a Theme by Haydn Theme,train,C:\Users\tt\Desktop\project\data\flac_output\mix_audio_flac\Classical_Classical_Johannes Brahms_Variations on a Theme by Haydn Theme_mixed.flac
Classical_Classical_Johann Sebastian Bach_Menuett 1,train,C:\Users\tt\Desktop\project\data\flac_output\mix_audio_flac\Classical_Classical_Johann Sebastian Bach_Menuett 1_mixed.flac
Classical_Classical_Wolfgang Amadeus Mozart_k379-score-1,train,C:\Users\tt\Desktop\project\data\flac_output\mix_audio_flac\Classical_Classical_Wolfgang Amadeus Mozart_k379-score-1_mixed.flac
Classical_Classical_Pyotr Ilyich Tchaikovsky_Symphony No6,train,C:\Users\tt\Desktop\project\data\flac_output\mix_audio_flac\Classical_Classical_Pyotr Ilyich Tchaikovsky_Symphony No6_mixed.flac
Classical_Classical_Ludwig van Beethoven_Memet Tanc-Deutscher Tanz,train,C:\Users\tt\Desktop\project\data\flac_output\mix_audio_flac\Classical_Classical_Ludwig van Beethoven_Memet Tanc-Deutscher Tanz_mixed.flac
Classical_Classical_Frederic Chopin_Prelude in C minor,train,C:\Users\tt\Desktop\project\data\flac_output\mix_audio_flac\Classical_Classical_Frederic Chopin_Prelude in C minor_mixed.flac
Classical_Classical_Wolfgang Amadeus Mozart_Sonate Opus KV 331 - Variation 1,train,C:\Users\tt\Desktop\project\data\flac_output\mix_audio_flac\Classical_Classical_Wolfgang Amadeus Mozart_Sonate Opus KV 331 - Variation 1_mixed.flac
Classical_Classical_Franz Schubert_Trois Marches militaires,train,C:\Users\tt\Desktop\project\data\flac_output\mix_audio_flac\Classical_Classical_Franz Schubert_Trois Marches militaires_mixed.flac
Classical_Classical_Johann Sebastian Bach_Minuet in C minor,train,C:\Users\tt\Desktop\project\data\flac_output\mix_audio_flac\Classical_Classical_Johann Sebastian Bach_Minuet in C minor_mixed.flac
"Classical_Classical_Johann Sebastian Bach_6 Partitas, Clavierubung part I, no 2",train,"C:\Users\tt\Desktop\project\data\flac_output\mix_audio_flac\Classical_Classical_Johann Sebastian Bach_6 Partitas, Clavierubung part I, no 2_mixed.flac"
Classical_Classical_Jean-Philippe Rameau_Tambourin,train,C:\Users\tt\Desktop\project\data\flac_output\mix_audio_flac\Classical_Classical_Jean-Philippe Rameau_Tambourin_mixed.flac
Classical_Classical_Wolfgang Amadeus Mozart_Abendempfindung,train,C:\Users\tt\Desktop\project\data\flac_output\mix_audio_flac\Classical_Classical_Wolfgang Amadeus Mozart_Abendempfindung_mixed.flac
Classical_Classical_Johann Sebastian Bach_Sonantina,train,C:\Users\tt\Desktop\project\data\flac_output\mix_audio_flac\Classical_Classical_Johann Sebastian Bach_Sonantina_mixed.flac
Classical_Classical_Gabriel Faure_Berceuse,train,C:\Users\tt\Desktop\project\data\flac_output\mix_audio_flac\Classical_Classical_Gabriel Faure_Berceuse_mixed.flac
Classical_Classical_Johann Pachelbel_Fugues on the Magnificat III 7,train,C:\Users\tt\Desktop\project\data\flac_output\mix_audio_flac\Classical_Classical_Johann Pachelbel_Fugues on the Magnificat III 7_mixed.flac
Classical_Classical_Wolfgang Amadeus Mozart_Eine Kleine Nachtmusik,train,C:\Users\tt\Desktop\project\data\flac_output\mix_audio_flac\Classical_Classical_Wolfgang Amadeus Mozart_Eine Kleine Nachtmusik_mixed.flac
Classical_Classical_Franz Schubert_Trost in Thränen,train,C:\Users\tt\Desktop\project\data\flac_output\mix_audio_flac\Classical_Classical_Franz Schubert_Trost in Thränen_mixed.flac
Classical_Classical_Wolfgang Amadeus Mozart_Piano Sonata No15,train,C:\Users\tt\Desktop\project\data\flac_output\mix_audio_flac\Classical_Classical_Wolfgang Amadeus Mozart_Piano Sonata No15_mixed.flac
"Classical_Classical_Frederic Chopin_Etüde f-moll Op 10, No 9",train,"C:\Users\tt\Desktop\project\data\flac_output\mix_audio_flac\Classical_Classical_Frederic Chopin_Etüde f-moll Op 10, No 9_mixed.flac"
Classical_Classical_Ludwig van Beethoven_Rondo Opus 129,train,C:\Users\tt\Desktop\project\data\flac_output\mix_audio_flac\Classical_Classical_Ludwig van Beethoven_Rondo Opus 129_mixed.flac
Classical_Classical_Wolfgang Amadeus Mozart_Andante from Sinfonia Concertante K364,train,C:\Users\tt\Desktop\project\data\flac_output\mix_audio_flac\Classical_Classical_Wolfgang Amadeus Mozart_Andante from Sinfonia Concertante K364_mixed.flac
Classical_Classical_Giuseppe Verdi_La Traviata - N1 Introduzione,train,C:\Users\tt\Desktop\project\data\flac_output\mix_audio_flac\Classical_Classical_Giuseppe Verdi_La Traviata - N1 Introduzione_mixed.flac
Classical_Classical_Bela Bartok_Dance in Canon Form,train,C:\Users\tt\Desktop\project\data\flac_output\mix_audio_flac\Classical_Classical_Bela Bartok_Dance in Canon Form_mixed.flac
Classical_Classical_Johann Sebastian Bach_Minuet in G major,train,C:\Users\tt\Desktop\project\data\flac_output\mix_audio_flac\Classical_Classical_Johann Sebastian Bach_Minuet in G major_mixed.flac
Classical_Classical_Georges Bizet_Toreadors Song,train,C:\Users\tt\Desktop\project\data\flac_output\mix_audio_flac\Classical_Classical_Georges Bizet_Toreadors Song_mixed.flac
Classical_Classical_Thomas Tallis_If Ye Love Me 1,train,C:\Users\tt\Desktop\project\data\flac_output\mix_audio_flac\Classical_Classical_Thomas Tallis_If Ye Love Me 1_mixed.flac
Classical_Classical_George Frideric Handel_Sonatina,train,C:\Users\tt\Desktop\project\data\flac_output\mix_audio_flac\Classical_Classical_George Frideric Handel_Sonatina_mixed.flac
"Classical_Classical_Johann Sebastian Bach_Das Wohltemperierte Clavier I, Fuga XVII",train,"C:\Users\tt\Desktop\project\data\flac_output\mix_audio_flac\Classical_Classical_Johann Sebastian Bach_Das Wohltemperierte Clavier I, Fuga XVII_mixed.flac"
Classical_Classical_Johann Sebastian Bach_Invention No8,train,C:\Users\tt\Desktop\project\data\flac_output\mix_audio_flac\Classical_Classical_Johann Sebastian Bach_Invention No8_mixed.flac
Classical_Classical_Felix Mendelssohn_Venetian Gondelier Song,train,C:\Users\tt\Desktop\project\data\flac_output\mix_audio_flac\Classical_Classical_Felix Mendelssohn_Venetian Gondelier Song_mixed.flac
Classical_Classical_Franz Schubert_Suleika 2,train,C:\Users\tt\Desktop\project\data\flac_output\mix_audio_flac\Classical_Classical_Franz Schubert_Suleika 2_mixed.flac
Classical_Classical_Wolfgang Amadeus Mozart_Menuett 2 by WAMozart,train,C:\Users\tt\Desktop\project\data\flac_output\mix_audio_flac\Classical_Classical_Wolfgang Amadeus Mozart_Menuett 2 by WAMozart_mixed.flac
Classical_Classical_Pyotr Ilyich Tchaikovsky_In Church,train,C:\Users\tt\Desktop\project\data\flac_output\mix_audio_flac\Classical_Classical_Pyotr Ilyich Tchaikovsky_In Church_mixed.flac
Classical_Classical_Robert Schumann_Kinderscenen - Glückes genug,train,C:\Users\tt\Desktop\project\data\flac_output\mix_audio_flac\Classical_Classical_Robert Schumann_Kinderscenen - Glückes genug_mixed.flac
Classical_Classical_Johann Strauss_Emperor Waltz,train,C:\Users\tt\Desktop\project\data\flac_output\mix_audio_flac\Classical_Classical_Johann Strauss_Emperor Waltz_mixed.flac
Classical_Classical_Joseph Haydn_Serenade(From String Quartet No5),train,C:\Users\tt\Desktop\project\data\flac_output\mix_audio_flac\Classical_Classical_Joseph Haydn_Serenade(From String Quartet No5)_mixed.flac
Classical_Classical_Bela Bartok_Bouree,train,C:\Users\tt\Desktop\project\data\flac_output\mix_audio_flac\Classical_Classical_Bela Bartok_Bouree_mixed.flac
Classical_Classical_Wolfgang Amadeus Mozart_Fantasia,train,C:\Users\tt\Desktop\project\data\flac_output\mix_audio_flac\Classical_Classical_Wolfgang Amadeus Mozart_Fantasia_mixed.flac
Classical_Classical_Franz Schubert_Heidenröslein,train,C:\Users\tt\Desktop\project\data\flac_output\mix_audio_flac\Classical_Classical_Franz Schubert_Heidenröslein_mixed.flac
Classical_Classical_Johann Sebastian Bach_Fugue in C major,train,C:\Users\tt\Desktop\project\data\flac_output\mix_audio_flac\Classical_Classical_Johann Sebastian Bach_Fugue in C major_mixed.flac
Classical_Classical_Johann Sebastian Bach_ARIA Warum betrübst du dich,train,C:\Users\tt\Desktop\project\data\flac_output\mix_audio_flac\Classical_Classical_Johann Sebastian Bach_ARIA Warum betrübst du dich_mixed.flac
Classical_Classical_Ludwig van Beethoven_Romance No2,train,C:\Users\tt\Desktop\project\data\flac_output\mix_audio_flac\Classical_Classical_Ludwig van Beethoven_Romance No2_mixed.flac
Classical_Classical_Franz Schubert_Die Forelle,train,C:\Users\tt\Desktop\project\data\flac_output\mix_audio_flac\Classical_Classical_Franz Schubert_Die Forelle_mixed.flac
Classical_Classical_George Frideric Handel_Bourree,train,C:\Users\tt\Desktop\project\data\flac_output\mix_audio_flac\Classical_Classical_George Frideric Handel_Bourree_mixed.flac
Classical_Classical_Frederic Chopin_Waltz in E-flat Major (Op 18),train,C:\Users\tt\Desktop\project\data\flac_output\mix_audio_flac\Classical_Classical_Frederic Chopin_Waltz in E-flat Major (Op 18)_mixed.flac
Classical_Classical_Murray Perahia_Bagatelle in A minor for Piano_ WoO 59_ Für Elise,train,C:\Users\tt\Desktop\project\data\flac_output\mix_audio_flac\Classical_Classical_Murray Perahia_Bagatelle in A minor for Piano_ WoO 59_ Für Elise_mixed.flac
Classical_Classical_Wolfgang Amadeus Mozart_Sonate for Violin and Piano K 379 3,train,C:\Users\tt\Desktop\project\data\flac_output\mix_audio_flac\Classical_Classical_Wolfgang Amadeus Mozart_Sonate for Violin and Piano K 379 3_mixed.flac
"Classical_Classical_Wolfgang Amadeus Mozart_Voi, Che Sapete",train,"C:\Users\tt\Desktop\project\data\flac_output\mix_audio_flac\Classical_Classical_Wolfgang Amadeus Mozart_Voi, Che Sapete_mixed.flac"
Classical_Classical_Vladimir Horowitz_Sonata No 14 in C-sharp minor for Piano_ Op 27_ No 2 MoonlightIII Presto agitato,train,C:\Users\tt\Desktop\project\data\flac_output\mix_audio_flac\Classical_Classical_Vladimir Horowitz_Sonata No 14 in C-sharp minor for Piano_ Op 27_ No 2 MoonlightIII Presto agitato_mixed.flac
Classical_Classical_George Frideric Handel_HWV361-score-3,train,C:\Users\tt\Desktop\project\data\flac_output\mix_audio_flac\Classical_Classical_George Frideric Handel_HWV361-score-3_mixed.flac
Classical_Classical_Georges Bizet_Carmen,train,C:\Users\tt\Desktop\project\data\flac_output\mix_audio_flac\Classical_Classical_Georges Bizet_Carmen_mixed.flac
"Classical_Classical_Joseph Haydn_Sonate I, II - Menuetto",train,"C:\Users\tt\Desktop\project\data\flac_output\mix_audio_flac\Classical_Classical_Joseph Haydn_Sonate I, II - Menuetto_mixed.flac"
Classical_Classical_Pyotr Ilyich Tchaikovsky_October - Autumn Song,train,C:\Users\tt\Desktop\project\data\flac_output\mix_audio_flac\Classical_Classical_Pyotr Ilyich Tchaikovsky_October - Autumn Song_mixed.flac
Classical_Classical_Wolfgang Amadeus Mozart_Romance from Piano Concerto No20,train,C:\Users\tt\Desktop\project\data\flac_output\mix_audio_flac\Classical_Classical_Wolfgang Amadeus Mozart_Romance from Piano Concerto No20_mixed.flac
Classical_Classical_Evgeny Kissin_Nocturne_ Op 27_ No 1 in C-Sharp Minor,train,C:\Users\tt\Desktop\project\data\flac_output\mix_audio_flac\Classical_Classical_Evgeny Kissin_Nocturne_ Op 27_ No 1 in C-Sharp Minor_mixed.flac
Classical_Classical_Johann Strauss_Morgenblatter,train,C:\Users\tt\Desktop\project\data\flac_output\mix_audio_flac\Classical_Classical_Johann Strauss_Morgenblatter_mixed.flac
Classical_Classical_Henry Purcell_Trumpet Call,train,C:\Users\tt\Desktop\project\data\flac_output\mix_audio_flac\Classical_Classical_Henry Purcell_Trumpet Call_mixed.flac
Classical_Classical_Franz Liszt_Second Ballade,train,C:\Users\tt\Desktop\project\data\flac_output\mix_audio_flac\Classical_Classical_Franz Liszt_Second Ballade_mixed.flac
Classical_Classical_Johann Sebastian Bach_French Suite no3 in B minor V1,train,C:\Users\tt\Desktop\project\data\flac_output\mix_audio_flac\Classical_Classical_Johann Sebastian Bach_French Suite no3 in B minor V1_mixed.flac
Classical_Classical_Ludwig van Beethoven_Sonata No 6,train,C:\Users\tt\Desktop\project\data\flac_output\mix_audio_flac\Classical_Classical_Ludwig van Beethoven_Sonata No 6_mixed.flac
Classical_Classical_Johann Sebastian Bach_Minuet in D minor,train,C:\Users\tt\Desktop\project\data\flac_output\mix_audio_flac\Classical_Classical_Johann Sebastian Bach_Minuet in D minor_mixed.flac
Classical_Classical_Charles Gounod_Serenade,train,C:\Users\tt\Desktop\project\data\flac_output\mix_audio_flac\Classical_Classical_Charles Gounod_Serenade_mixed.flac
Classical_Classical_Wolfgang Amadeus Mozart_Zerlinas Song from Don Giovanni,train,C:\Users\tt\Desktop\project\data\flac_output\mix_audio_flac\Classical_Classical_Wolfgang Amadeus Mozart_Zerlinas Song from Don Giovanni_mixed.flac
Classical_Classical_Pyotr Ilyich Tchaikovsky_Napolitan Dance (Swan Lake),train,C:\Users\tt\Desktop\project\data\flac_output\mix_audio_flac\Classical_Classical_Pyotr Ilyich Tchaikovsky_Napolitan Dance (Swan Lake)_mixed.flac
Classical_Classical_Frederic Chopin_Fantaisie-Impromptu,train,C:\Users\tt\Desktop\project\data\flac_output\mix_audio_flac\Classical_Classical_Frederic Chopin_Fantaisie-Impromptu_mixed.flac
Classical_Classical_Daniel Barenboim_Bach_ JS  Well-Tempered Clavier Book 1  Prelude No20 in A minor BWV865,train,C:\Users\tt\Desktop\project\data\flac_output\mix_audio_flac\Classical_Classical_Daniel Barenboim_Bach_ JS  Well-Tempered Clavier Book 1  Prelude No20 in A minor BWV865_mixed.flac
Classical_Classical_Johannes Brahms_Intermezzo,train,C:\Users\tt\Desktop\project\data\flac_output\mix_audio_flac\Classical_Classical_Johannes Brahms_Intermezzo_mixed.flac
Classical_Classical_Tchaikovsky_Waltz Of The Flowers,train,C:\Users\tt\Desktop\project\data\flac_output\mix_audio_flac\Classical_Classical_Tchaikovsky_Waltz Of The Flowers_mixed.flac
"Classical_Classical_Ludwig van Beethoven_Sonata No 19 Op 49, No 1",train,"C:\Users\tt\Desktop\project\data\flac_output\mix_audio_flac\Classical_Classical_Ludwig van Beethoven_Sonata No 19 Op 49, No 1_mixed.flac"
Classical_Classical_Jean-Baptiste Lully_Minuet by Lully,train,C:\Users\tt\Desktop\project\data\flac_output\mix_audio_flac\Classical_Classical_Jean-Baptiste Lully_Minuet by Lully_mixed.flac
Classical_Classical_Frederic Chopin_Mazurek,train,C:\Users\tt\Desktop\project\data\flac_output\mix_audio_flac\Classical_Classical_Frederic Chopin_Mazurek_mixed.flac
Classical_Classical_Charles Gounod_Funeral March of a Marionette,train,C:\Users\tt\Desktop\project\data\flac_output\mix_audio_flac\Classical_Classical_Charles Gounod_Funeral March of a Marionette_mixed.flac
"Classical_Classical_Johann Sebastian Bach_Das Wohltemperierte Clavier I, Praeludium XVII",train,"C:\Users\tt\Desktop\project\data\flac_output\mix_audio_flac\Classical_Classical_Johann Sebastian Bach_Das Wohltemperierte Clavier I, Praeludium XVII_mixed.flac"
Classical_Classical_Arturo Benedetti Michelangeli_Mazurca in si minore Op 33 n 4,train,C:\Users\tt\Desktop\project\data\flac_output\mix_audio_flac\Classical_Classical_Arturo Benedetti Michelangeli_Mazurca in si minore Op 33 n 4_mixed.flac
Classical_Classical_Franz Schubert_Auf dem Wasser zu singen,train,C:\Users\tt\Desktop\project\data\flac_output\mix_audio_flac\Classical_Classical_Franz Schubert_Auf dem Wasser zu singen_mixed.flac
Classical_Classical_Bela Bartok_In Lydian Mode,train,C:\Users\tt\Desktop\project\data\flac_output\mix_audio_flac\Classical_Classical_Bela Bartok_In Lydian Mode_mixed.flac
Classical_Classical_Pyotr Ilyich Tchaikovsky_Doumka,train,C:\Users\tt\Desktop\project\data\flac_output\mix_audio_flac\Classical_Classical_Pyotr Ilyich Tchaikovsky_Doumka_mixed.flac
Classical_Classical_Franz Schubert_Der Tod und das Mädchen,train,C:\Users\tt\Desktop\project\data\flac_output\mix_audio_flac\Classical_Classical_Franz Schubert_Der Tod und das Mädchen_mixed.flac
Classical_Classical_Wolfgang Amadeus Mozart_Kyrie Eleison,train,C:\Users\tt\Desktop\project\data\flac_output\mix_audio_flac\Classical_Classical_Wolfgang Amadeus Mozart_Kyrie Eleison_mixed.flac
Classical_Classical_Ludwig van Beethoven_Sonate 15 - Andante,train,C:\Users\tt\Desktop\project\data\flac_output\mix_audio_flac\Classical_Classical_Ludwig van Beethoven_Sonate 15 - Andante_mixed.flac
Classical_Classical_Ludwig van Beethoven_Sonata No 27  2nd Movement,train,C:\Users\tt\Desktop\project\data\flac_output\mix_audio_flac\Classical_Classical_Ludwig van Beethoven_Sonata No 27  2nd Movement_mixed.flac
Classical_Classical_Johann Sebastian Bach_BWV 533,train,C:\Users\tt\Desktop\project\data\flac_output\mix_audio_flac\Classical_Classical_Johann Sebastian Bach_BWV 533_mixed.flac
Classical_Classical_Johann Sebastian Bach_Minuet in G,train,C:\Users\tt\Desktop\project\data\flac_output\mix_audio_flac\Classical_Classical_Johann Sebastian Bach_Minuet in G_mixed.flac
Classical_Classical_Robert Schumann_A Tale Of Distant Lands,train,C:\Users\tt\Desktop\project\data\flac_output\mix_audio_flac\Classical_Classical_Robert Schumann_A Tale Of Distant Lands_mixed.flac
Classical_Classical_George Frideric Handel_Joy to the World,train,C:\Users\tt\Desktop\project\data\flac_output\mix_audio_flac\Classical_Classical_George Frideric Handel_Joy to the World_mixed.flac
Classical_Classical_Wolfgang Amadeus Mozart_Trio in E-flat Major KV 498 1,train,C:\Users\tt\Desktop\project\data\flac_output\mix_audio_flac\Classical_Classical_Wolfgang Amadeus Mozart_Trio in E-flat Major KV 498 1_mixed.flac
Classical_Classical_George Frideric Handel_Fuga,train,C:\Users\tt\Desktop\project\data\flac_output\mix_audio_flac\Classical_Classical_George Frideric Handel_Fuga_mixed.flac
Classical_Classical_Giuseppe Verdi_La Traviata - N2 Brindisi,train,C:\Users\tt\Desktop\project\data\flac_output\mix_audio_flac\Classical_Classical_Giuseppe Verdi_La Traviata - N2 Brindisi_mixed.flac
Classical_Classical_Wolfgang Amadeus Mozart_Sonate for Violin and Piano K 379 1,train,C:\Users\tt\Desktop\project\data\flac_output\mix_audio_flac\Classical_Classical_Wolfgang Amadeus Mozart_Sonate for Violin and Piano K 379 1_mixed.flac
Classical_Classical_Ludwig van Beethoven_Sonata No 25 Op 79,train,C:\Users\tt\Desktop\project\data\flac_output\mix_audio_flac\Classical_Classical_Ludwig van Beethoven_Sonata No 25 Op 79_mixed.flac
Classical_Classical_Georg Philipp Telemann_Air,train,C:\Users\tt\Desktop\project\data\flac_output\mix_audio_flac\Classical_Classical_Georg Philipp Telemann_Air_mixed.flac
Classical_Classical_Johann Sebastian Bach_BWV 1006a - Menuet II,train,C:\Users\tt\Desktop\project\data\flac_output\mix_audio_flac\Classical_Classical_Johann Sebastian Bach_BWV 1006a - Menuet II_mixed.flac
Classical_Classical_Johann Pachelbel_Ciacona,train,C:\Users\tt\Desktop\project\data\flac_output\mix_audio_flac\Classical_Classical_Johann Pachelbel_Ciacona_mixed.flac
Classical_Classical_Robert Schumann_7Chanson du Chasseur,train,C:\Users\tt\Desktop\project\data\flac_output\mix_audio_flac\Classical_Classical_Robert Schumann_7Chanson du Chasseur_mixed.flac
"Classical_Classical_Joseph Haydn_Sonate II, III - Presto",train,"C:\Users\tt\Desktop\project\data\flac_output\mix_audio_flac\Classical_Classical_Joseph Haydn_Sonate II, III - Presto_mixed.flac"
Classical_Classical_Felix Mendelssohn_Lied Ohne Worte,train,C:\Users\tt\Desktop\project\data\flac_output\mix_audio_flac\Classical_Classical_Felix Mendelssohn_Lied Ohne Worte_mixed.flac
Classical_Classical_George Frideric Handel_Menuet,train,C:\Users\tt\Desktop\project\data\flac_output\mix_audio_flac\Classical_Classical_George Frideric Handel_Menuet_mixed.flac
Classical_Classical_George Frideric Handel_Allegro No3 From Sept Pieces,train,C:\Users\tt\Desktop\project\data\flac_output\mix_audio_flac\Classical_Classical_George Frideric Handel_Allegro No3 From Sept Pieces_mixed.flac
Classical_Classical_Khachaturian_The Onedin Line,train,C:\Users\tt\Desktop\project\data\flac_output\mix_audio_flac\Classical_Classical_Khachaturian_The Onedin Line_mixed.flac
Classical_Classical_Robert Schumann_2Marche militaire,train,C:\Users\tt\Desktop\project\data\flac_output\mix_audio_flac\Classical_Classical_Robert Schumann_2Marche militaire_mixed.flac
Classical_Classical_Domenico Scarlatti_Sonata in C Kp86,train,C:\Users\tt\Desktop\project\data\flac_output\mix_audio_flac\Classical_Classical_Domenico Scarlatti_Sonata in C Kp86_mixed.flac
Classical_Classical_Johann Sebastian Bach_Two Part Invention in B flat major,train,C:\Users\tt\Desktop\project\data\flac_output\mix_audio_flac\Classical_Classical_Johann Sebastian Bach_Two Part Invention in B flat major_mixed.flac
Classical_Classical_Antonio Vivaldi_Autumn,train,C:\Users\tt\Desktop\project\data\flac_output\mix_audio_flac\Classical_Classical_Antonio Vivaldi_Autumn_mixed.flac
Classical_Classical_George Frideric Handel_Air,train,C:\Users\tt\Desktop\project\data\flac_output\mix_audio_flac\Classical_Classical_George Frideric Handel_Air_mixed.flac
Classical_Classical_Joseph Haydn_German Dance 3,train,C:\Users\tt\Desktop\project\data\flac_output\mix_audio_flac\Classical_Classical_Joseph Haydn_German Dance 3_mixed.flac
Classical_Classical_Claude Debussy_Première Arabesque L66 No1,train,C:\Users\tt\Desktop\project\data\flac_output\mix_audio_flac\Classical_Classical_Claude Debussy_Première Arabesque L66 No1_mixed.flac
Classical_Classical_Wolfgang Amadeus Mozart_Sonata Facile - Third movement,train,C:\Users\tt\Desktop\project\data\flac_output\mix_audio_flac\Classical_Classical_Wolfgang Amadeus Mozart_Sonata Facile - Third movement_mixed.flac
Classical_Classical_Ludwig van Beethoven_Sonata No 25 3rd,train,C:\Users\tt\Desktop\project\data\flac_output\mix_audio_flac\Classical_Classical_Ludwig van Beethoven_Sonata No 25 3rd_mixed.flac
Classical_Classical_Ludwig van Beethoven_Seven Variations - Opus WoO 78,train,C:\Users\tt\Desktop\project\data\flac_output\mix_audio_flac\Classical_Classical_Ludwig van Beethoven_Seven Variations - Opus WoO 78_mixed.flac
"Classical_Classical_Johann Sebastian Bach_6 Partitas, Clavierubung part I, no1",train,"C:\Users\tt\Desktop\project\data\flac_output\mix_audio_flac\Classical_Classical_Johann Sebastian Bach_6 Partitas, Clavierubung part I, no1_mixed.flac"
Classical_Classical_Robert Schumann_10Le gai laboureur,train,C:\Users\tt\Desktop\project\data\flac_output\mix_audio_flac\Classical_Classical_Robert Schumann_10Le gai laboureur_mixed.flac
Classical_Classical_Evgeny Kissin_Fantaisie-Impromptu in C-Sharp Minor_ Op 66,train,C:\Users\tt\Desktop\project\data\flac_output\mix_audio_flac\Classical_Classical_Evgeny Kissin_Fantaisie-Impromptu in C-Sharp Minor_ Op 66_mixed.flac
Classical_Classical_Johann Sebastian Bach_Adagio,train,C:\Users\tt\Desktop\project\data\flac_output\mix_audio_flac\Classical_Classical_Johann Sebastian Bach_Adagio_mixed.flac
"Classical_Classical_Frederic Chopin_Etüde C-Dur Opus 10, No 1",train,"C:\Users\tt\Desktop\project\data\flac_output\mix_audio_flac\Classical_Classical_Frederic Chopin_Etüde C-Dur Opus 10, No 1_mixed.flac"
Classical_Classical_Leo Delibes_Flower Duet,train,C:\Users\tt\Desktop\project\data\flac_output\mix_audio_flac\Classical_Classical_Leo Delibes_Flower Duet_mixed.flac
Classical_Classical_Giuseppe Verdi_La Traviata - N15 Scena ed Aria,train,C:\Users\tt\Desktop\project\data\flac_output\mix_audio_flac\Classical_Classical_Giuseppe Verdi_La Traviata - N15 Scena ed Aria_mixed.flac
Classical_Classical_Tomaso Albinoni_Adagio,train,C:\Users\tt\Desktop\project\data\flac_output\mix_audio_flac\Classical_Classical_Tomaso Albinoni_Adagio_mixed.flac
Classical_Classical_András Schiff_II Äußerst rasch und mit Bravour Noveletten op 21 (Robert Schumann),train,C:\Users\tt\Desktop\project\data\flac_output\mix_audio_flac\Classical_Classical_András Schiff_II Äußerst rasch und mit Bravour Noveletten op 21 (Robert Schumann)_mixed.flac
Classical_Classical_Wolfgang Amadeus Mozart_Horn Concerto No4,train,C:\Users\tt\Desktop\project\data\flac_output\mix_audio_flac\Classical_Classical_Wolfgang Amadeus Mozart_Horn Concerto No4_mixed.flac
Classical_Classical_George Frideric Handel_Entrée,train,C:\Users\tt\Desktop\project\data\flac_output\mix_audio_flac\Classical_Classical_George Frideric Handel_Entrée_mixed.flac
Classical_Classical_Ludwig van Beethoven_Adagio Cantabile,train,C:\Users\tt\Desktop\project\data\flac_output\mix_audio_flac\Classical_Classical_Ludwig van Beethoven_Adagio Cantabile_mixed.flac
Classical_Classical_Wolfgang Amadeus Mozart_Sonata in C major (fragment),train,C:\Users\tt\Desktop\project\data\flac_output\mix_audio_flac\Classical_Classical_Wolfgang Amadeus Mozart_Sonata in C major (fragment)_mixed.flac
Classical_Classical_Frederic Chopin_Mazurka Op33 No1,train,C:\Users\tt\Desktop\project\data\flac_output\mix_audio_flac\Classical_Classical_Frederic Chopin_Mazurka Op33 No1_mixed.flac
"Classical_Classical_George Frideric Handel_Sqarabande, Suite XI",train,"C:\Users\tt\Desktop\project\data\flac_output\mix_audio_flac\Classical_Classical_George Frideric Handel_Sqarabande, Suite XI_mixed.flac"
"Classical_Classical_Johann Sebastian Bach_Invention 12, BWV 783",train,"C:\Users\tt\Desktop\project\data\flac_output\mix_audio_flac\Classical_Classical_Johann Sebastian Bach_Invention 12, BWV 783_mixed.flac"
Classical_Classical_Wolfgang Amadeus Mozart_Die Alte,train,C:\Users\tt\Desktop\project\data\flac_output\mix_audio_flac\Classical_Classical_Wolfgang Amadeus Mozart_Die Alte_mixed.flac
Classical_Classical_Paul Dukas_Villanelle,train,C:\Users\tt\Desktop\project\data\flac_output\mix_audio_flac\Classical_Classical_Paul Dukas_Villanelle_mixed.flac
"Classical_Classical_Bela Bartok_Dawn, O day",train,"C:\Users\tt\Desktop\project\data\flac_output\mix_audio_flac\Classical_Classical_Bela Bartok_Dawn, O day_mixed.flac"
Classical_Classical_John Philip Sousa_Transit of Venus March,train,C:\Users\tt\Desktop\project\data\flac_output\mix_audio_flac\Classical_Classical_John Philip Sousa_Transit of Venus March_mixed.flac
Classical_Classical_Johann Sebastian Bach_BWV 512,train,C:\Users\tt\Desktop\project\data\flac_output\mix_audio_flac\Classical_Classical_Johann Sebastian Bach_BWV 512_mixed.flac
Classical_Classical_Franz Schubert_Erlkönig (alternative typesetting),train,C:\Users\tt\Desktop\project\data\flac_output\mix_audio_flac\Classical_Classical_Franz Schubert_Erlkönig (alternative typesetting)_mixed.flac
Classical_Classical_Maurizio Pollini_4 Rondo (Allegro vivace),train,C:\Users\tt\Desktop\project\data\flac_output\mix_audio_flac\Classical_Classical_Maurizio Pollini_4 Rondo (Allegro vivace)_mixed.flac
Classical_Classical_John Philip Sousa_King Cotton,train,C:\Users\tt\Desktop\project\data\flac_output\mix_audio_flac\Classical_Classical_John Philip Sousa_King Cotton_mixed.flac
Classical_Classical_Niccolo Paganini_Caprice No 24,train,C:\Users\tt\Desktop\project\data\flac_output\mix_audio_flac\Classical_Classical_Niccolo Paganini_Caprice No 24_mixed.flac
Classical_Classical_Frederic Chopin_Prelude Op 28 No 1,train,C:\Users\tt\Desktop\project\data\flac_output\mix_audio_flac\Classical_Classical_Frederic Chopin_Prelude Op 28 No 1_mixed.flac
"Classical_Classical_Felix Mendelssohn_Lied Ohne Worte - Opus 102, No 3",train,"C:\Users\tt\Desktop\project\data\flac_output\mix_audio_flac\Classical_Classical_Felix Mendelssohn_Lied Ohne Worte - Opus 102, No 3_mixed.flac"
Classical_Classical_Christoph Gluck_Andante,train,C:\Users\tt\Desktop\project\data\flac_output\mix_audio_flac\Classical_Classical_Christoph Gluck_Andante_mixed.flac
Classical_Classical_Ludwig van Beethoven_5th Symphony,train,C:\Users\tt\Desktop\project\data\flac_output\mix_audio_flac\Classical_Classical_Ludwig van Beethoven_5th Symphony_mixed.flac
Classical_Classical_Domenico Scarlatti_Sonata in D Pastorale,train,C:\Users\tt\Desktop\project\data\flac_output\mix_audio_flac\Classical_Classical_Domenico Scarlatti_Sonata in D Pastorale_mixed.flac
Classical_Classical_Ludwig van Beethoven_Sonata No 25  2nd,train,C:\Users\tt\Desktop\project\data\flac_output\mix_audio_flac\Classical_Classical_Ludwig van Beethoven_Sonata No 25  2nd_mixed.flac
Classical_Classical_Frederic Chopin_Prelude Op 28 No 7,train,C:\Users\tt\Desktop\project\data\flac_output\mix_audio_flac\Classical_Classical_Frederic Chopin_Prelude Op 28 No 7_mixed.flac
Classical_Classical_Franz Schubert_Impromptu in Es-dur,train,C:\Users\tt\Desktop\project\data\flac_output\mix_audio_flac\Classical_Classical_Franz Schubert_Impromptu in Es-dur_mixed.flac
Classical_Classical_Wolfgang Amadeus Mozart_Symphony 40,train,C:\Users\tt\Desktop\project\data\flac_output\mix_audio_flac\Classical_Classical_Wolfgang Amadeus Mozart_Symphony 40_mixed.flac
Classical_Classical_Pyotr Ilyich Tchaikovsky_Melody in E Flat,train,C:\Users\tt\Desktop\project\data\flac_output\mix_audio_flac\Classical_Classical_Pyotr Ilyich Tchaikovsky_Melody in E Flat_mixed.flac
Classical_Classical_Camille Saint-Saens_Excerpt from Organ Symphony,train,C:\Users\tt\Desktop\project\data\flac_output\mix_audio_flac\Classical_Classical_Camille Saint-Saens_Excerpt from Organ Symphony_mixed.flac
"Classical_Classical_Felix Mendelssohn_Lieder ohne Worte, Op85 No1",train,"C:\Users\tt\Desktop\project\data\flac_output\mix_audio_flac\Classical_Classical_Felix Mendelssohn_Lieder ohne Worte, Op85 No1_mixed.flac"
Classical_Classical_Wolfgang Amadeus Mozart_Yesteryear,train,C:\Users\tt\Desktop\project\data\flac_output\mix_audio_flac\Classical_Classical_Wolfgang Amadeus Mozart_Yesteryear_mixed.flac
Classical_Classical_Charles Gounod_Duetto,train,C:\Users\tt\Desktop\project\data\flac_output\mix_audio_flac\Classical_Classical_Charles Gounod_Duetto_mixed.flac
Classical_Classical_George Frideric Handel_Hornpipe,train,C:\Users\tt\Desktop\project\data\flac_output\mix_audio_flac\Classical_Classical_George Frideric Handel_Hornpipe_mixed.flac
Classical_Classical_Wolfgang Amadeus Mozart_Theme from A Musical Joke,train,C:\Users\tt\Desktop\project\data\flac_output\mix_audio_flac\Classical_Classical_Wolfgang Amadeus Mozart_Theme from A Musical Joke_mixed.flac
Classical_Classical_Gioachino Rossini_William Tell Overture,train,C:\Users\tt\Desktop\project\data\flac_output\mix_audio_flac\Classical_Classical_Gioachino Rossini_William Tell Overture_mixed.flac
Classical_Classical_Wolfgang Amadeus Mozart_Trio in E-flat Major KV 498 3,train,C:\Users\tt\Desktop\project\data\flac_output\mix_audio_flac\Classical_Classical_Wolfgang Amadeus Mozart_Trio in E-flat Major KV 498 3_mixed.flac
Classical_Classical_Frederic Chopin_Nocturnes Prelude,train,C:\Users\tt\Desktop\project\data\flac_output\mix_audio_flac\Classical_Classical_Frederic Chopin_Nocturnes Prelude_mixed.flac
"Classical_Classical_Johann Sebastian Bach_Sinfonia 4, BWV 790",train,"C:\Users\tt\Desktop\project\data\flac_output\mix_audio_flac\Classical_Classical_Johann Sebastian Bach_Sinfonia 4, BWV 790_mixed.flac"
Classical_Classical_Johann Sebastian Bach_Toccata in F Sharp Minor,train,C:\Users\tt\Desktop\project\data\flac_output\mix_audio_flac\Classical_Classical_Johann Sebastian Bach_Toccata in F Sharp Minor_mixed.flac
Classical_Classical_Johann Sebastian Bach_Preludio con Fuga,train,C:\Users\tt\Desktop\project\data\flac_output\mix_audio_flac\Classical_Classical_Johann Sebastian Bach_Preludio con Fuga_mixed.flac
Classical_Classical_Franz Liszt_Etude No 9 Ricordanza,train,C:\Users\tt\Desktop\project\data\flac_output\mix_audio_flac\Classical_Classical_Franz Liszt_Etude No 9 Ricordanza_mixed.flac
Classical_Classical_Johann Sebastian Bach_Polonaise in G minor,train,C:\Users\tt\Desktop\project\data\flac_output\mix_audio_flac\Classical_Classical_Johann Sebastian Bach_Polonaise in G minor_mixed.flac
"Classical_Classical_Johann Sebastian Bach_Das Wohltemperierte Clavier I, Praeludium III",train,"C:\Users\tt\Desktop\project\data\flac_output\mix_audio_flac\Classical_Classical_Johann Sebastian Bach_Das Wohltemperierte Clavier I, Praeludium III_mixed.flac"
Classical_Classical_Johann Pachelbel_Canon in D,train,C:\Users\tt\Desktop\project\data\flac_output\mix_audio_flac\Classical_Classical_Johann Pachelbel_Canon in D_mixed.flac
Classical_Classical_Ludwig van Beethoven_German Dance,train,C:\Users\tt\Desktop\project\data\flac_output\mix_audio_flac\Classical_Classical_Ludwig van Beethoven_German Dance_mixed.flac
Classical_Classical_Robert Schumann_36Chant de marins italiens,train,C:\Users\tt\Desktop\project\data\flac_output\mix_audio_flac\Classical_Classical_Robert Schumann_36Chant de marins italiens_mixed.flac
Classical_Classical_George Frideric Handel_Allemande,train,C:\Users\tt\Desktop\project\data\flac_output\mix_audio_flac\Classical_Classical_George Frideric Handel_Allemande_mixed.flac
Classical_Classical_Murray Perahia_Piano Sonata in A minor_ KV 310 (300d)I Allegro maestoso,train,C:\Users\tt\Desktop\project\data\flac_output\mix_audio_flac\Classical_Classical_Murray Perahia_Piano Sonata in A minor_ KV 310 (300d)I Allegro maestoso_mixed.flac
Classical_Classical_Henry Purcell_Didos Lament,train,C:\Users\tt\Desktop\project\data\flac_output\mix_audio_flac\Classical_Classical_Henry Purcell_Didos Lament_mixed.flac
Classical_Classical_Franz Schubert_Impromptu,train,C:\Users\tt\Desktop\project\data\flac_output\mix_audio_flac\Classical_Classical_Franz Schubert_Impromptu_mixed.flac
Classical_Classical_Ludwig van Beethoven_Andante Cantabile Op13,train,C:\Users\tt\Desktop\project\data\flac_output\mix_audio_flac\Classical_Classical_Ludwig van Beethoven_Andante Cantabile Op13_mixed.flac
Classical_Classical_Franz Schubert_Music Instantaneous,train,C:\Users\tt\Desktop\project\data\flac_output\mix_audio_flac\Classical_Classical_Franz Schubert_Music Instantaneous_mixed.flac
"Classical_Classical_Johann Sebastian Bach_Das Wohltemperierte Clavier I, Fuga I",train,"C:\Users\tt\Desktop\project\data\flac_output\mix_audio_flac\Classical_Classical_Johann Sebastian Bach_Das Wohltemperierte Clavier I, Fuga I_mixed.flac"
Classical_Classical_George Frideric Handel_Toccata,train,C:\Users\tt\Desktop\project\data\flac_output\mix_audio_flac\Classical_Classical_George Frideric Handel_Toccata_mixed.flac
"Classical_Classical_Wolfgang Amadeus Mozart_Piano Concerto No 2, Theme",train,"C:\Users\tt\Desktop\project\data\flac_output\mix_audio_flac\Classical_Classical_Wolfgang Amadeus Mozart_Piano Concerto No 2, Theme_mixed.flac"
Classical_Classical_Franz Schubert_Die Vögel,train,C:\Users\tt\Desktop\project\data\flac_output\mix_audio_flac\Classical_Classical_Franz Schubert_Die Vögel_mixed.flac
"Classical_Classical_Johann Sebastian Bach_Duetto II, Clavierübung Part III",train,"C:\Users\tt\Desktop\project\data\flac_output\mix_audio_flac\Classical_Classical_Johann Sebastian Bach_Duetto II, Clavierübung Part III_mixed.flac"
"Classical_Classical_Johann Sebastian Bach_Das Wohltemperierte Clavier I, Praeludium VIII",train,"C:\Users\tt\Desktop\project\data\flac_output\mix_audio_flac\Classical_Classical_Johann Sebastian Bach_Das Wohltemperierte Clavier I, Praeludium VIII_mixed.flac"
Classical_Classical_Richard Wagner_Pilgrims Chorus,train,C:\Users\tt\Desktop\project\data\flac_output\mix_audio_flac\Classical_Classical_Richard Wagner_Pilgrims Chorus_mixed.flac
"Classical_Classical_Wolfgang Amadeus Mozart_Theme, Sonata in C",train,"C:\Users\tt\Desktop\project\data\flac_output\mix_audio_flac\Classical_Classical_Wolfgang Amadeus Mozart_Theme, Sonata in C_mixed.flac"
"Classical_Classical_Wolfgang Amadeus Mozart_In Men,Who Feel Love",train,"C:\Users\tt\Desktop\project\data\flac_output\mix_audio_flac\Classical_Classical_Wolfgang Amadeus Mozart_In Men,Who Feel Love_mixed.flac"
Classical_Classical_Frederic Chopin_Nocturne,train,C:\Users\tt\Desktop\project\data\flac_output\mix_audio_flac\Classical_Classical_Frederic Chopin_Nocturne_mixed.flac
Classical_Classical_Joseph Haydn_28 Nemet Tanc - Deutscher Tanz,train,C:\Users\tt\Desktop\project\data\flac_output\mix_audio_flac\Classical_Classical_Joseph Haydn_28 Nemet Tanc - Deutscher Tanz_mixed.flac
Classical_Classical_Frederic Chopin_Mazurka V,train,C:\Users\tt\Desktop\project\data\flac_output\mix_audio_flac\Classical_Classical_Frederic Chopin_Mazurka V_mixed.flac
Classical_Classical_Wolfgang Amadeus Mozart_Clarinet Concerto,train,C:\Users\tt\Desktop\project\data\flac_output\mix_audio_flac\Classical_Classical_Wolfgang Amadeus Mozart_Clarinet Concerto_mixed.flac
Classical_Classical_Franz Schubert_An die Musik,train,C:\Users\tt\Desktop\project\data\flac_output\mix_audio_flac\Classical_Classical_Franz Schubert_An die Musik_mixed.flac
Classical_Classical_George Frideric Handel_HWV370-score-3,train,C:\Users\tt\Desktop\project\data\flac_output\mix_audio_flac\Classical_Classical_George Frideric Handel_HWV370-score-3_mixed.flac
"Classical_Classical_Wolfgang Amadeus Mozart_Minuet in F, K2",train,"C:\Users\tt\Desktop\project\data\flac_output\mix_audio_flac\Classical_Classical_Wolfgang Amadeus Mozart_Minuet in F, K2_mixed.flac"
Classical_Classical_Johann Sebastian Bach_Invention in B flat,train,C:\Users\tt\Desktop\project\data\flac_output\mix_audio_flac\Classical_Classical_Johann Sebastian Bach_Invention in B flat_mixed.flac
"Classical_Classical_Johann Sebastian Bach_Sinfonia 1, BWV 797",train,"C:\Users\tt\Desktop\project\data\flac_output\mix_audio_flac\Classical_Classical_Johann Sebastian Bach_Sinfonia 1, BWV 797_mixed.flac"
Classical_Classical_Franz Schubert_Sängers Morgenlied,train,C:\Users\tt\Desktop\project\data\flac_output\mix_audio_flac\Classical_Classical_Franz Schubert_Sängers Morgenlied_mixed.flac
Classical_Classical_George Frideric Handel_HWV361-score-2,train,C:\Users\tt\Desktop\project\data\flac_output\mix_audio_flac\Classical_Classical_George Frideric Handel_HWV361-score-2_mixed.flac
Classical_Classical_Johann Sebastian Bach_Sinfonia 15,train,C:\Users\tt\Desktop\project\data\flac_output\mix_audio_flac\Classical_Classical_Johann Sebastian Bach_Sinfonia 15_mixed.flac
Classical_Classical_Pyotr Ilyich Tchaikovsky_Sugar Plum Fairy,train,C:\Users\tt\Desktop\project\data\flac_output\mix_audio_flac\Classical_Classical_Pyotr Ilyich Tchaikovsky_Sugar Plum Fairy_mixed.flac
"Classical_Classical_Johann Sebastian Bach_Das Wohltemperierte Clavier II, Praeludium II",train,"C:\Users\tt\Desktop\project\data\flac_output\mix_audio_flac\Classical_Classical_Johann Sebastian Bach_Das Wohltemperierte Clavier II, Praeludium II_mixed.flac"
"Classical_Classical_Frederic Chopin_Prelude Op 28, No 6",train,"C:\Users\tt\Desktop\project\data\flac_output\mix_audio_flac\Classical_Classical_Frederic Chopin_Prelude Op 28, No 6_mixed.flac"
Classical_Classical_Franz Schubert_Impromptu in B-dur,train,C:\Users\tt\Desktop\project\data\flac_output\mix_audio_flac\Classical_Classical_Franz Schubert_Impromptu in B-dur_mixed.flac
Classical_Classical_Franz Schubert_Ave Maria (Ellens dritter Gesang),train,C:\Users\tt\Desktop\project\data\flac_output\mix_audio_flac\Classical_Classical_Franz Schubert_Ave Maria (Ellens dritter Gesang)_mixed.flac
Classical_Classical_Robert Schumann_Caccia,train,C:\Users\tt\Desktop\project\data\flac_output\mix_audio_flac\Classical_Classical_Robert Schumann_Caccia_mixed.flac
Classical_Classical_Robert Schumann_Kinderscenen - Bittendes Kind,train,C:\Users\tt\Desktop\project\data\flac_output\mix_audio_flac\Classical_Classical_Robert Schumann_Kinderscenen - Bittendes Kind_mixed.flac
Classical_Classical_Johann Sebastian Bach_Courante,train,C:\Users\tt\Desktop\project\data\flac_output\mix_audio_flac\Classical_Classical_Johann Sebastian Bach_Courante_mixed.flac
Classical_Classical_Johann Sebastian Bach_Praeludium 2,train,C:\Users\tt\Desktop\project\data\flac_output\mix_audio_flac\Classical_Classical_Johann Sebastian Bach_Praeludium 2_mixed.flac
Classical_Classical_Johann Sebastian Bach_Prelude in C Minor,train,C:\Users\tt\Desktop\project\data\flac_output\mix_audio_flac\Classical_Classical_Johann Sebastian Bach_Prelude in C Minor_mixed.flac
Classical_Classical_Frederic Chopin_Minute Waltz,train,C:\Users\tt\Desktop\project\data\flac_output\mix_audio_flac\Classical_Classical_Frederic Chopin_Minute Waltz_mixed.flac
Classical_Classical_Ludwig van Beethoven_Beethovens 5th,train,C:\Users\tt\Desktop\project\data\flac_output\mix_audio_flac\Classical_Classical_Ludwig van Beethoven_Beethovens 5th_mixed.flac
Classical_Classical_Franz Schubert_Die Liebe Hat Gelogen,train,C:\Users\tt\Desktop\project\data\flac_output\mix_audio_flac\Classical_Classical_Franz Schubert_Die Liebe Hat Gelogen_mixed.flac
Classical_Classical_Joseph Haydn_Gypsy Rondo,train,C:\Users\tt\Desktop\project\data\flac_output\mix_audio_flac\Classical_Classical_Joseph Haydn_Gypsy Rondo_mixed.flac
Classical_Classical_Evgeny Kissin_Polonaise in C-Sharp Minor_ Op 26_ No 1,train,C:\Users\tt\Desktop\project\data\flac_output\mix_audio_flac\Classical_Classical_Evgeny Kissin_Polonaise in C-Sharp Minor_ Op 26_ No 1_mixed.flac
Classical_Classical_Franz Schubert_Die Liebe,train,C:\Users\tt\Desktop\project\data\flac_output\mix_audio_flac\Classical_Classical_Franz Schubert_Die Liebe_mixed.flac
Classical_Classical_Felix Mendelssohn_Venetianisches Gondellied,train,C:\Users\tt\Desktop\project\data\flac_output\mix_audio_flac\Classical_Classical_Felix Mendelssohn_Venetianisches Gondellied_mixed.flac
Classical_Classical_Ludwig van Beethoven_Variations - Opus 66,train,C:\Users\tt\Desktop\project\data\flac_output\mix_audio_flac\Classical_Classical_Ludwig van Beethoven_Variations - Opus 66_mixed.flac
Classical_Classical_Giuseppe Verdi_La Traviata - N13 Seguito del Finale II,train,C:\Users\tt\Desktop\project\data\flac_output\mix_audio_flac\Classical_Classical_Giuseppe Verdi_La Traviata - N13 Seguito del Finale II_mixed.flac
Classical_Classical_Luigi Boccherini_Minuet,train,C:\Users\tt\Desktop\project\data\flac_output\mix_audio_flac\Classical_Classical_Luigi Boccherini_Minuet_mixed.flac
Classical_Classical_Franz Schubert_Impromptu in As-dur,train,C:\Users\tt\Desktop\project\data\flac_output\mix_audio_flac\Classical_Classical_Franz Schubert_Impromptu in As-dur_mixed.flac
Classical_Classical_Wolfgang Amadeus Mozart_Sonate Opus KV 331 - Menuetto,train,C:\Users\tt\Desktop\project\data\flac_output\mix_audio_flac\Classical_Classical_Wolfgang Amadeus Mozart_Sonate Opus KV 331 - Menuetto_mixed.flac
Classical_Classical_Alexander Borodin_Polovtsian Dance,train,C:\Users\tt\Desktop\project\data\flac_output\mix_audio_flac\Classical_Classical_Alexander Borodin_Polovtsian Dance_mixed.flac
Classical_Classical_Bartok Bela_Tisza Partjan,train,C:\Users\tt\Desktop\project\data\flac_output\mix_audio_flac\Classical_Classical_Bartok Bela_Tisza Partjan_mixed.flac
Classical_Classical_Johann Sebastian Bach_Invention 9,train,C:\Users\tt\Desktop\project\data\flac_output\mix_audio_flac\Classical_Classical_Johann Sebastian Bach_Invention 9_mixed.flac
Classical_Classical_Francois Couperin_The Mysterious Barricades,train,C:\Users\tt\Desktop\project\data\flac_output\mix_audio_flac\Classical_Classical_Francois Couperin_The Mysterious Barricades_mixed.flac
Classical_Classical_Ludwig van Beethoven_Sonata No 23  1CAppassionata 1D Op 57,train,C:\Users\tt\Desktop\project\data\flac_output\mix_audio_flac\Classical_Classical_Ludwig van Beethoven_Sonata No 23  1CAppassionata 1D Op 57_mixed.flac
Classical_Classical_Wolfgang Amadeus Mozart_Sonata Theme,train,C:\Users\tt\Desktop\project\data\flac_output\mix_audio_flac\Classical_Classical_Wolfgang Amadeus Mozart_Sonata Theme_mixed.flac
Classical_Classical_Daniel Barenboim_Albéniz  España  VI Zortzico,train,C:\Users\tt\Desktop\project\data\flac_output\mix_audio_flac\Classical_Classical_Daniel Barenboim_Albéniz  España  VI Zortzico_mixed.flac
"Classical_Classical_Johann Sebastian Bach_Das Wohltemperierte Clavier I, Praeludium XI",train,"C:\Users\tt\Desktop\project\data\flac_output\mix_audio_flac\Classical_Classical_Johann Sebastian Bach_Das Wohltemperierte Clavier I, Praeludium XI_mixed.flac"
"Classical_Classical_Frederic Chopin_Mazurka Op6, No1",train,"C:\Users\tt\Desktop\project\data\flac_output\mix_audio_flac\Classical_Classical_Frederic Chopin_Mazurka Op6, No1_mixed.flac"
Classical_Classical_Johann Sebastian Bach_Loure 1,train,C:\Users\tt\Desktop\project\data\flac_output\mix_audio_flac\Classical_Classical_Johann Sebastian Bach_Loure 1_mixed.flac
Classical_Classical_Ludwig van Beethoven_Prelude Op WoO 55,train,C:\Users\tt\Desktop\project\data\flac_output\mix_audio_flac\Classical_Classical_Ludwig van Beethoven_Prelude Op WoO 55_mixed.flac
Classical_Classical_Georges Bizet_Toreadors March,train,C:\Users\tt\Desktop\project\data\flac_output\mix_audio_flac\Classical_Classical_Georges Bizet_Toreadors March_mixed.flac
Classical_Classical_Ludwig van Beethoven_Piano Concerto No 3 in C Minor,train,C:\Users\tt\Desktop\project\data\flac_output\mix_audio_flac\Classical_Classical_Ludwig van Beethoven_Piano Concerto No 3 in C Minor_mixed.flac
Classical_Classical_George Frideric Handel_Hallelujah,train,C:\Users\tt\Desktop\project\data\flac_output\mix_audio_flac\Classical_Classical_George Frideric Handel_Hallelujah_mixed.flac
Classical_Classical_Evgeny Kissin_Erlkonig,train,C:\Users\tt\Desktop\project\data\flac_output\mix_audio_flac\Classical_Classical_Evgeny Kissin_Erlkonig_mixed.flac
Classical_Classical_Pyotr Ilyich Tchaikovsky_Piano Concerto No1,train,C:\Users\tt\Desktop\project\data\flac_output\mix_audio_flac\Classical_Classical_Pyotr Ilyich Tchaikovsky_Piano Concerto No1_mixed.flac
"Classical_Classical_Felix Mendelssohn_O, for the Wings of a Dove",train,"C:\Users\tt\Desktop\project\data\flac_output\mix_audio_flac\Classical_Classical_Felix Mendelssohn_O, for the Wings of a Dove_mixed.flac"
Classical_Classical_Anton Bruckner_Symphony No 4 - Last Movement,train,C:\Users\tt\Desktop\project\data\flac_output\mix_audio_flac\Classical_Classical_Anton Bruckner_Symphony No 4 - Last Movement_mixed.flac
Classical_Classical_Henry Purcell_Menuett by HPurcell,train,C:\Users\tt\Desktop\project\data\flac_output\mix_audio_flac\Classical_Classical_Henry Purcell_Menuett by HPurcell_mixed.flac
Classical_Classical_Maurice Ravel_Bolero  Ravel,train,C:\Users\tt\Desktop\project\data\flac_output\mix_audio_flac\Classical_Classical_Maurice Ravel_Bolero  Ravel_mixed.flac
Classical_Classical_Antonio Vivaldi_Spring,train,C:\Users\tt\Desktop\project\data\flac_output\mix_audio_flac\Classical_Classical_Antonio Vivaldi_Spring_mixed.flac
Classical_Classical_Giacomo Puccini_Musettas Waltz -La Beheme,train,C:\Users\tt\Desktop\project\data\flac_output\mix_audio_flac\Classical_Classical_Giacomo Puccini_Musettas Waltz -La Beheme_mixed.flac
Classical_Classical_Robert Schumann_School of Easy Classics,train,C:\Users\tt\Desktop\project\data\flac_output\mix_audio_flac\Classical_Classical_Robert Schumann_School of Easy Classics_mixed.flac
Classical_Classical_Ludwig van Beethoven_Minuet by Beethoven,train,C:\Users\tt\Desktop\project\data\flac_output\mix_audio_flac\Classical_Classical_Ludwig van Beethoven_Minuet by Beethoven_mixed.flac
Classical_Classical_Dmitri Shostakovich_Indulo-Marsch by DSosztakovics,train,C:\Users\tt\Desktop\project\data\flac_output\mix_audio_flac\Classical_Classical_Dmitri Shostakovich_Indulo-Marsch by DSosztakovics_mixed.flac
Classical_Classical_Johann Sebastian Bach_BWV 510,train,C:\Users\tt\Desktop\project\data\flac_output\mix_audio_flac\Classical_Classical_Johann Sebastian Bach_BWV 510_mixed.flac
Classical_Classical_Johann Sebastian Bach_Sinfonia 3,train,C:\Users\tt\Desktop\project\data\flac_output\mix_audio_flac\Classical_Classical_Johann Sebastian Bach_Sinfonia 3_mixed.flac
Classical_Classical_Giuseppe Verdi_La Donna E Mobile,train,C:\Users\tt\Desktop\project\data\flac_output\mix_audio_flac\Classical_Classical_Giuseppe Verdi_La Donna E Mobile_mixed.flac
Classical_Classical_Johann Sebastian Bach_Sinfonia 14,train,C:\Users\tt\Desktop\project\data\flac_output\mix_audio_flac\Classical_Classical_Johann Sebastian Bach_Sinfonia 14_mixed.flac
Classical_Classical_George Frideric Handel_Joyful Blacksmith,train,C:\Users\tt\Desktop\project\data\flac_output\mix_audio_flac\Classical_Classical_George Frideric Handel_Joyful Blacksmith_mixed.flac
Classical_Classical_Ludwig van Beethoven_Bagatelle,train,C:\Users\tt\Desktop\project\data\flac_output\mix_audio_flac\Classical_Classical_Ludwig van Beethoven_Bagatelle_mixed.flac
Classical_Classical_Wolfgang Amadeus Mozart_Minuet K94,train,C:\Users\tt\Desktop\project\data\flac_output\mix_audio_flac\Classical_Classical_Wolfgang Amadeus Mozart_Minuet K94_mixed.flac
"Classical_Classical_Johann Sebastian Bach_6 Partitas, Clavierubung part I, no2",train,"C:\Users\tt\Desktop\project\data\flac_output\mix_audio_flac\Classical_Classical_Johann Sebastian Bach_6 Partitas, Clavierubung part I, no2_mixed.flac"
Classical_Classical_Robert Schumann_25Echos du Théâtre,train,C:\Users\tt\Desktop\project\data\flac_output\mix_audio_flac\Classical_Classical_Robert Schumann_25Echos du Théâtre_mixed.flac
Classical_Classical_Franz Schubert_Serenade,train,C:\Users\tt\Desktop\project\data\flac_output\mix_audio_flac\Classical_Classical_Franz Schubert_Serenade_mixed.flac
Classical_Classical_Giuseppe Verdi_Aida Triumph March,train,C:\Users\tt\Desktop\project\data\flac_output\mix_audio_flac\Classical_Classical_Giuseppe Verdi_Aida Triumph March_mixed.flac
Classical_Classical_Jacques Offenbach_Barcarolle,train,C:\Users\tt\Desktop\project\data\flac_output\mix_audio_flac\Classical_Classical_Jacques Offenbach_Barcarolle_mixed.flac
Classical_Classical_Johann Sebastian Bach_Invention 3,train,C:\Users\tt\Desktop\project\data\flac_output\mix_audio_flac\Classical_Classical_Johann Sebastian Bach_Invention 3_mixed.flac
Classical_Classical_Joseph Haydn_Minuet and Trio in B flat,train,C:\Users\tt\Desktop\project\data\flac_output\mix_audio_flac\Classical_Classical_Joseph Haydn_Minuet and Trio in B flat_mixed.flac
"Classical_Classical_Johann Sebastian Bach_Jesu, Joy of Mans Desiring",train,"C:\Users\tt\Desktop\project\data\flac_output\mix_audio_flac\Classical_Classical_Johann Sebastian Bach_Jesu, Joy of Mans Desiring_mixed.flac"
Classical_Classical_Ludwig van Beethoven_Violin Sonata No 9 in A Major,train,C:\Users\tt\Desktop\project\data\flac_output\mix_audio_flac\Classical_Classical_Ludwig van Beethoven_Violin Sonata No 9 in A Major_mixed.flac
Classical_Classical_Wolfgang Amadeus Mozart_Marche Funebre KV 453a,train,C:\Users\tt\Desktop\project\data\flac_output\mix_audio_flac\Classical_Classical_Wolfgang Amadeus Mozart_Marche Funebre KV 453a_mixed.flac
Classical_Classical_Ludwig van Beethoven_Sonata No 27  1st Movement,train,C:\Users\tt\Desktop\project\data\flac_output\mix_audio_flac\Classical_Classical_Ludwig van Beethoven_Sonata No 27  1st Movement_mixed.flac
Classical_Classical_Claude Debussy_Golliwog Cake Walk,train,C:\Users\tt\Desktop\project\data\flac_output\mix_audio_flac\Classical_Classical_Claude Debussy_Golliwog Cake Walk_mixed.flac
Classical_Classical_Wolfgang Amadeus Mozart_Theme from Symphony No40,train,C:\Users\tt\Desktop\project\data\flac_output\mix_audio_flac\Classical_Classical_Wolfgang Amadeus Mozart_Theme from Symphony No40_mixed.flac
Classical_Classical_Pyotr Ilyich Tchaikovsky_The Dance of the Cygnets,train,C:\Users\tt\Desktop\project\data\flac_output\mix_audio_flac\Classical_Classical_Pyotr Ilyich Tchaikovsky_The Dance of the Cygnets_mixed.flac
Classical_Classical_Joseph Haydn_Nemet Tanc -Deutscher Tanz 24,train,C:\Users\tt\Desktop\project\data\flac_output\mix_audio_flac\Classical_Classical_Joseph Haydn_Nemet Tanc -Deutscher Tanz 24_mixed.flac
"Classical_Classical_Johann Sebastian Bach_Das Wohltemperierte Clavier II, Fuga II",train,"C:\Users\tt\Desktop\project\data\flac_output\mix_audio_flac\Classical_Classical_Johann Sebastian Bach_Das Wohltemperierte Clavier II, Fuga II_mixed.flac"
Classical_Classical_Johann Sebastian Bach_BWV 1006a - Loure,train,C:\Users\tt\Desktop\project\data\flac_output\mix_audio_flac\Classical_Classical_Johann Sebastian Bach_BWV 1006a - Loure_mixed.flac
Classical_Classical_Bela Bartok_Imitation and Counterpoint,train,C:\Users\tt\Desktop\project\data\flac_output\mix_audio_flac\Classical_Classical_Bela Bartok_Imitation and Counterpoint_mixed.flac
Classical_Classical_Camille Saint-Saëns_Karneval der Tiere - Intruduction et marche royal de lion  Intruduction And Royal March Of The Lion,train,C:\Users\tt\Desktop\project\data\flac_output\mix_audio_flac\Classical_Classical_Camille Saint-Saëns_Karneval der Tiere - Intruduction et marche royal de lion  Intruduction And Royal March Of The Lion_mixed.flac
Classical_Classical_Johann Sebastian Bach_Sonata in D BWV963,train,C:\Users\tt\Desktop\project\data\flac_output\mix_audio_flac\Classical_Classical_Johann Sebastian Bach_Sonata in D BWV963_mixed.flac
"Classical_Classical_Franz Liszt_Consolation, S172 No4",train,"C:\Users\tt\Desktop\project\data\flac_output\mix_audio_flac\Classical_Classical_Franz Liszt_Consolation, S172 No4_mixed.flac"
Classical_Classical_George Frideric Handel_Andante,train,C:\Users\tt\Desktop\project\data\flac_output\mix_audio_flac\Classical_Classical_George Frideric Handel_Andante_mixed.flac
Classical_Classical_George Frideric Handel_Menuet II (Trio),train,C:\Users\tt\Desktop\project\data\flac_output\mix_audio_flac\Classical_Classical_George Frideric Handel_Menuet II (Trio)_mixed.flac
Classical_Classical_Frederic Chopin_Nocturne No 19 in E minor,train,C:\Users\tt\Desktop\project\data\flac_output\mix_audio_flac\Classical_Classical_Frederic Chopin_Nocturne No 19 in E minor_mixed.flac
Classical_Classical_Johann Sebastian Bach_Sinfonia 9,train,C:\Users\tt\Desktop\project\data\flac_output\mix_audio_flac\Classical_Classical_Johann Sebastian Bach_Sinfonia 9_mixed.flac
Classical_Classical_Johann Sebastian Bach_Keyboard partita in A minor,train,C:\Users\tt\Desktop\project\data\flac_output\mix_audio_flac\Classical_Classical_Johann Sebastian Bach_Keyboard partita in A minor_mixed.flac
Classical_Classical_Felix Mendelssohn_O for the Wings of a Dove,train,C:\Users\tt\Desktop\project\data\flac_output\mix_audio_flac\Classical_Classical_Felix Mendelssohn_O for the Wings of a Dove_mixed.flac
Classical_Classical_Johann Sebastian Bach_Invention 11,train,C:\Users\tt\Desktop\project\data\flac_output\mix_audio_flac\Classical_Classical_Johann Sebastian Bach_Invention 11_mixed.flac
Classical_Classical_Wolfgang Amadeus Mozart_Fugue in E-flat Major KV 153375f,train,C:\Users\tt\Desktop\project\data\flac_output\mix_audio_flac\Classical_Classical_Wolfgang Amadeus Mozart_Fugue in E-flat Major KV 153375f_mixed.flac
Classical_Classical_Robert Schumann_Melody Op68,train,C:\Users\tt\Desktop\project\data\flac_output\mix_audio_flac\Classical_Classical_Robert Schumann_Melody Op68_mixed.flac
Classical_Classical_Wolfgang Amadeus Mozart_Andante,train,C:\Users\tt\Desktop\project\data\flac_output\mix_audio_flac\Classical_Classical_Wolfgang Amadeus Mozart_Andante_mixed.flac
Classical_Classical_Frederic Chopin_Prelude in A,train,C:\Users\tt\Desktop\project\data\flac_output\mix_audio_flac\Classical_Classical_Frederic Chopin_Prelude in A_mixed.flac
Classical_Classical_Wolfgang Amadeus Mozart_Ave Verum,train,C:\Users\tt\Desktop\project\data\flac_output\mix_audio_flac\Classical_Classical_Wolfgang Amadeus Mozart_Ave Verum_mixed.flac
Classical_Classical_Johann Sebastian Bach_French Suite no 3 in B minor,train,C:\Users\tt\Desktop\project\data\flac_output\mix_audio_flac\Classical_Classical_Johann Sebastian Bach_French Suite no 3 in B minor_mixed.flac
Classical_Classical_Johann Sebastian Bach_BWV 1006a - Menuet I,train,C:\Users\tt\Desktop\project\data\flac_output\mix_audio_flac\Classical_Classical_Johann Sebastian Bach_BWV 1006a - Menuet I_mixed.flac
Classical_Classical_Maria-João Pires_Schumann  Waldszenen Op82  V Freundliche Landschaft,train,C:\Users\tt\Desktop\project\data\flac_output\mix_audio_flac\Classical_Classical_Maria-João Pires_Schumann  Waldszenen Op82  V Freundliche Landschaft_mixed.flac
Classical_Classical_Thomas Tallis_If Ye Love Me 2,train,C:\Users\tt\Desktop\project\data\flac_output\mix_audio_flac\Classical_Classical_Thomas Tallis_If Ye Love Me 2_mixed.flac
Classical_Classical_Franz Schubert_Landler,train,C:\Users\tt\Desktop\project\data\flac_output\mix_audio_flac\Classical_Classical_Franz Schubert_Landler_mixed.flac
Classical_Classical_John Philip Sousa_The Liberty Bell March,train,C:\Users\tt\Desktop\project\data\flac_output\mix_audio_flac\Classical_Classical_John Philip Sousa_The Liberty Bell March_mixed.flac
Classical_Classical_Carl Philipp Emanuel Bach_Rondo,train,C:\Users\tt\Desktop\project\data\flac_output\mix_audio_flac\Classical_Classical_Carl Philipp Emanuel Bach_Rondo_mixed.flac
"Classical_Classical_Pyotr Ilyich Tchaikovsky_The Seasons January, op371",train,"C:\Users\tt\Desktop\project\data\flac_output\mix_audio_flac\Classical_Classical_Pyotr Ilyich Tchaikovsky_The Seasons January, op371_mixed.flac"
Classical_Classical_Frederic Chopin_Marche Funebre,train,C:\Users\tt\Desktop\project\data\flac_output\mix_audio_flac\Classical_Classical_Frederic Chopin_Marche Funebre_mixed.flac
Classical_Classical_Johann Sebastian Bach_Italian Concerto 2,train,C:\Users\tt\Desktop\project\data\flac_output\mix_audio_flac\Classical_Classical_Johann Sebastian Bach_Italian Concerto 2_mixed.flac
Classical_Classical_Pyotr Ilyich Tchaikovsky_Walts from Serenade for Strings,train,C:\Users\tt\Desktop\project\data\flac_output\mix_audio_flac\Classical_Classical_Pyotr Ilyich Tchaikovsky_Walts from Serenade for Strings_mixed.flac
Classical_Classical_Camille Saint-Saens_The Swan,train,C:\Users\tt\Desktop\project\data\flac_output\mix_audio_flac\Classical_Classical_Camille Saint-Saens_The Swan_mixed.flac
Classical_Classical_Georg Philipp Telemann_Fantasia,train,C:\Users\tt\Desktop\project\data\flac_output\mix_audio_flac\Classical_Classical_Georg Philipp Telemann_Fantasia_mixed.flac
Classical_Classical_Murray Perahia_English Suite No 1 in A Major_ BWV 806Prélude,train,C:\Users\tt\Desktop\project\data\flac_output\mix_audio_flac\Classical_Classical_Murray Perahia_English Suite No 1 in A Major_ BWV 806Prélude_mixed.flac
Classical_Classical_Franz Schubert_Der Musensohn,train,C:\Users\tt\Desktop\project\data\flac_output\mix_audio_flac\Classical_Classical_Franz Schubert_Der Musensohn_mixed.flac
Classical_Classical_John Philip Sousa_The Invincible Eagle,train,C:\Users\tt\Desktop\project\data\flac_output\mix_audio_flac\Classical_Classical_John Philip Sousa_The Invincible Eagle_mixed.flac
Classical_Classical_Giuseppe Verdi_La Traviata - N17 Scena e duetto,train,C:\Users\tt\Desktop\project\data\flac_output\mix_audio_flac\Classical_Classical_Giuseppe Verdi_La Traviata - N17 Scena e duetto_mixed.flac
Classical_Classical_Johann Sebastian Bach_Praeludium IX,train,C:\Users\tt\Desktop\project\data\flac_output\mix_audio_flac\Classical_Classical_Johann Sebastian Bach_Praeludium IX_mixed.flac
Classical_Classical_John Philip Sousa_Hail to the Spirit of Liberty,train,C:\Users\tt\Desktop\project\data\flac_output\mix_audio_flac\Classical_Classical_John Philip Sousa_Hail to the Spirit of Liberty_mixed.flac
Classical_Classical_Sviatoslav Richter_Preludes Op23 No2 in B flat major Maestoso,train,C:\Users\tt\Desktop\project\data\flac_output\mix_audio_flac\Classical_Classical_Sviatoslav Richter_Preludes Op23 No2 in B flat major Maestoso_mixed.flac
Classical_Classical_Franz Schubert_Nähe des Geliebten,train,C:\Users\tt\Desktop\project\data\flac_output\mix_audio_flac\Classical_Classical_Franz Schubert_Nähe des Geliebten_mixed.flac
Classical_Classical_Cesar Franck_Panis Angelicus,train,C:\Users\tt\Desktop\project\data\flac_output\mix_audio_flac\Classical_Classical_Cesar Franck_Panis Angelicus_mixed.flac
Classical_Classical_George Frideric Handel_HWV370-score-4,train,C:\Users\tt\Desktop\project\data\flac_output\mix_audio_flac\Classical_Classical_George Frideric Handel_HWV370-score-4_mixed.flac
Classical_Classical_Pyotr Ilyich Tchaikovsky_March From the Nutcracker Suite,train,C:\Users\tt\Desktop\project\data\flac_output\mix_audio_flac\Classical_Classical_Pyotr Ilyich Tchaikovsky_March From the Nutcracker Suite_mixed.flac
Classical_Classical_Jean-Philippe Rameau_Les Tendres Plaintes,train,C:\Users\tt\Desktop\project\data\flac_output\mix_audio_flac\Classical_Classical_Jean-Philippe Rameau_Les Tendres Plaintes_mixed.flac
Classical_Classical_Ludwig van Beethoven_Sonata No 24 Op 78,train,C:\Users\tt\Desktop\project\data\flac_output\mix_audio_flac\Classical_Classical_Ludwig van Beethoven_Sonata No 24 Op 78_mixed.flac
Classical_Classical_Wolfgang Amadeus Mozart_Turkish March,train,C:\Users\tt\Desktop\project\data\flac_output\mix_audio_flac\Classical_Classical_Wolfgang Amadeus Mozart_Turkish March_mixed.flac
Classical_Classical_George Frideric Handel_HWV361-score-1,train,C:\Users\tt\Desktop\project\data\flac_output\mix_audio_flac\Classical_Classical_George Frideric Handel_HWV361-score-1_mixed.flac
Classical_Classical_Robert Schumann_Romanzen,train,C:\Users\tt\Desktop\project\data\flac_output\mix_audio_flac\Classical_Classical_Robert Schumann_Romanzen_mixed.flac
Classical_Classical_Franz Schubert_My Serenade,train,C:\Users\tt\Desktop\project\data\flac_output\mix_audio_flac\Classical_Classical_Franz Schubert_My Serenade_mixed.flac
Classical_Classical_Wolfgang Amadeus Mozart_Theme Symphony No40,train,C:\Users\tt\Desktop\project\data\flac_output\mix_audio_flac\Classical_Classical_Wolfgang Amadeus Mozart_Theme Symphony No40_mixed.flac
Classical_Classical_Felix Mendelssohn_Inquiétude F Mendelssohn-Bartholdy,train,C:\Users\tt\Desktop\project\data\flac_output\mix_audio_flac\Classical_Classical_Felix Mendelssohn_Inquiétude F Mendelssohn-Bartholdy_mixed.flac
Classical_Classical_Felix Mendelssohn_On Wings of Song,train,C:\Users\tt\Desktop\project\data\flac_output\mix_audio_flac\Classical_Classical_Felix Mendelssohn_On Wings of Song_mixed.flac
Classical_Classical_Ludwig van Beethoven_Russian Folk Song,train,C:\Users\tt\Desktop\project\data\flac_output\mix_audio_flac\Classical_Classical_Ludwig van Beethoven_Russian Folk Song_mixed.flac
Classical_Classical_Frederic Chopin_Etude Op 10 no 12,train,C:\Users\tt\Desktop\project\data\flac_output\mix_audio_flac\Classical_Classical_Frederic Chopin_Etude Op 10 no 12_mixed.flac
Classical_Classical_Franz Schubert_Ungarische Melodie,train,C:\Users\tt\Desktop\project\data\flac_output\mix_audio_flac\Classical_Classical_Franz Schubert_Ungarische Melodie_mixed.flac
Classical_Classical_Gustav Mahler_Adagietto(from Symphony No5),train,C:\Users\tt\Desktop\project\data\flac_output\mix_audio_flac\Classical_Classical_Gustav Mahler_Adagietto(from Symphony No5)_mixed.flac
"Classical_Classical_Johann Sebastian Bach_Das Wohltemperierte Clavier II, Fuga I",train,"C:\Users\tt\Desktop\project\data\flac_output\mix_audio_flac\Classical_Classical_Johann Sebastian Bach_Das Wohltemperierte Clavier II, Fuga I_mixed.flac"
Classical_Classical_Wolfgang Amadeus Mozart_String Quartet No15,train,C:\Users\tt\Desktop\project\data\flac_output\mix_audio_flac\Classical_Classical_Wolfgang Amadeus Mozart_String Quartet No15_mixed.flac
Classical_Classical_Ludwig van Beethoven_Diabelli Variations,train,C:\Users\tt\Desktop\project\data\flac_output\mix_audio_flac\Classical_Classical_Ludwig van Beethoven_Diabelli Variations_mixed.flac
Classical_Classical_George Frideric Handel_Concerto,train,C:\Users\tt\Desktop\project\data\flac_output\mix_audio_flac\Classical_Classical_George Frideric Handel_Concerto_mixed.flac
Classical_Classical_Camille Saint-Saëns_Karneval der Tiere -  HemiottesWild Asses,val,C:\Users\tt\Desktop\project\data\flac_output\mix_audio_flac\Classical_Classical_Camille Saint-Saëns_Karneval der Tiere -  HemiottesWild Asses_mixed.flac
Classical_Classical_Wolfgang Amadeus Mozart_Allegro by Mozart,val,C:\Users\tt\Desktop\project\data\flac_output\mix_audio_flac\Classical_Classical_Wolfgang Amadeus Mozart_Allegro by Mozart_mixed.flac
Classical_Classical_Giuseppe Verdi_La Traviata - N5 Scena ed aria,val,C:\Users\tt\Desktop\project\data\flac_output\mix_audio_flac\Classical_Classical_Giuseppe Verdi_La Traviata - N5 Scena ed aria_mixed.flac
Classical_Classical_Wolfgang Amadeus Mozart_Piano Sonata in C Major,val,C:\Users\tt\Desktop\project\data\flac_output\mix_audio_flac\Classical_Classical_Wolfgang Amadeus Mozart_Piano Sonata in C Major_mixed.flac
Classical_Classical_Ludwig van Beethoven_Air in C,val,C:\Users\tt\Desktop\project\data\flac_output\mix_audio_flac\Classical_Classical_Ludwig van Beethoven_Air in C_mixed.flac
Classical_Classical_Pierre-Laurent Aimard_Gaspard de la nuit  I Ondine,val,C:\Users\tt\Desktop\project\data\flac_output\mix_audio_flac\Classical_Classical_Pierre-Laurent Aimard_Gaspard de la nuit  I Ondine_mixed.flac
"Classical_Classical_Johann Sebastian Bach_Das Wohltemperierte Clavier I, Fuga X",val,"C:\Users\tt\Desktop\project\data\flac_output\mix_audio_flac\Classical_Classical_Johann Sebastian Bach_Das Wohltemperierte Clavier I, Fuga X_mixed.flac"
Classical_Classical_Franz Schubert_Erlkönig,val,C:\Users\tt\Desktop\project\data\flac_output\mix_audio_flac\Classical_Classical_Franz Schubert_Erlkönig_mixed.flac
Classical_Classical_Georges Bizet_Entracte,val,C:\Users\tt\Desktop\project\data\flac_output\mix_audio_flac\Classical_Classical_Georges Bizet_Entracte_mixed.flac
"Classical_Classical_Johann Sebastian Bach_Das Wohltemperierte Clavier I, Fuga III",val,"C:\Users\tt\Desktop\project\data\flac_output\mix_audio_flac\Classical_Classical_Johann Sebastian Bach_Das Wohltemperierte Clavier I, Fuga III_mixed.flac"
Classical_Classical_Pyotr Ilyich Tchaikovsky_In the Church,val,C:\Users\tt\Desktop\project\data\flac_output\mix_audio_flac\Classical_Classical_Pyotr Ilyich Tchaikovsky_In the Church_mixed.flac
Classical_Classical_Wolfgang Amadeus Mozart_Minuet by Mozart,val,C:\Users\tt\Desktop\project\data\flac_output\mix_audio_flac\Classical_Classical_Wolfgang Amadeus Mozart_Minuet by Mozart_mixed.flac
Classical_Classical_Johann Sebastian Bach_Loure 2,val,C:\Users\tt\Desktop\project\data\flac_output\mix_audio_flac\Classical_Classical_Johann Sebastian Bach_Loure 2_mixed.flac
Classical_Classical_Johann Sebastian Bach_English Suite II Gigue,val,C:\Users\tt\Desktop\project\data\flac_output\mix_audio_flac\Classical_Classical_Johann Sebastian Bach_English Suite II Gigue_mixed.flac
"Classical_Classical_Johann Sebastian Bach_Invention 10, BWV 781",val,"C:\Users\tt\Desktop\project\data\flac_output\mix_audio_flac\Classical_Classical_Johann Sebastian Bach_Invention 10, BWV 781_mixed.flac"
Classical_Classical_Charles Gounod_Ave Maria,val,C:\Users\tt\Desktop\project\data\flac_output\mix_audio_flac\Classical_Classical_Charles Gounod_Ave Maria_mixed.flac
Classical_Classical_Isaac Albeniz_Tango in D,val,C:\Users\tt\Desktop\project\data\flac_output\mix_audio_flac\Classical_Classical_Isaac Albeniz_Tango in D_mixed.flac
Classical_Classical_Camille Saint-Saëns_Karneval der Tiere - La coucou au fond des bois  Cukoo In The Hearth Of The Woods,val,C:\Users\tt\Desktop\project\data\flac_output\mix_audio_flac\Classical_Classical_Camille Saint-Saëns_Karneval der Tiere - La coucou au fond des bois  Cukoo In The Hearth Of The Woods_mixed.flac
Classical_Classical_Pyotr Ilyich Tchaikovsky_Swan Lake Waltz,val,C:\Users\tt\Desktop\project\data\flac_output\mix_audio_flac\Classical_Classical_Pyotr Ilyich Tchaikovsky_Swan Lake Waltz_mixed.flac
Classical_Classical_Georg Philipp Telemann_Allegretto by GPhTelemann,val,C:\Users\tt\Desktop\project\data\flac_output\mix_audio_flac\Classical_Classical_Georg Philipp Telemann_Allegretto by GPhTelemann_mixed.flac
Classical_Classical_Giuseppe Verdi_La Traviata - N4 Streta dellintroduzione,val,C:\Users\tt\Desktop\project\data\flac_output\mix_audio_flac\Classical_Classical_Giuseppe Verdi_La Traviata - N4 Streta dellintroduzione_mixed.flac
Classical_Classical_Wolfgang Amadeus Mozart_Alleluia From  Exultate Jubilate ,val,C:\Users\tt\Desktop\project\data\flac_output\mix_audio_flac\Classical_Classical_Wolfgang Amadeus Mozart_Alleluia From  Exultate Jubilate _mixed.flac
Classical_Classical_Giuseppe Verdi_La Traviata - N11 Coro di zingari,val,C:\Users\tt\Desktop\project\data\flac_output\mix_audio_flac\Classical_Classical_Giuseppe Verdi_La Traviata - N11 Coro di zingari_mixed.flac
Classical_Classical_Wolfgang Amadeus Mozart_Sonate for Violin and Piano K 379 2,val,C:\Users\tt\Desktop\project\data\flac_output\mix_audio_flac\Classical_Classical_Wolfgang Amadeus Mozart_Sonate for Violin and Piano K 379 2_mixed.flac
Classical_Classical_Franz Liszt_Liebestraum,val,C:\Users\tt\Desktop\project\data\flac_output\mix_audio_flac\Classical_Classical_Franz Liszt_Liebestraum_mixed.flac
"Classical_Classical_Frederic Chopin_Valse Op 64, No 1 Minute Waltz",val,"C:\Users\tt\Desktop\project\data\flac_output\mix_audio_flac\Classical_Classical_Frederic Chopin_Valse Op 64, No 1 Minute Waltz_mixed.flac"
Classical_Classical_Bela Bartok_The Lost Doll,val,C:\Users\tt\Desktop\project\data\flac_output\mix_audio_flac\Classical_Classical_Bela Bartok_The Lost Doll_mixed.flac
"Classical_Classical_Johann Sebastian Bach_Das Wohltemperierte Clavier I, Praeludium V",val,"C:\Users\tt\Desktop\project\data\flac_output\mix_audio_flac\Classical_Classical_Johann Sebastian Bach_Das Wohltemperierte Clavier I, Praeludium V_mixed.flac"
Classical_Classical_Wolfgang Amadeus Mozart_Agnus Dei (Coronation Mass),val,C:\Users\tt\Desktop\project\data\flac_output\mix_audio_flac\Classical_Classical_Wolfgang Amadeus Mozart_Agnus Dei (Coronation Mass)_mixed.flac
Classical_Classical_Pyotr Ilyich Tchaikovsky_1812 Overture,val,C:\Users\tt\Desktop\project\data\flac_output\mix_audio_flac\Classical_Classical_Pyotr Ilyich Tchaikovsky_1812 Overture_mixed.flac
Classical_Classical_Pyotr Ilyich Tchaikovsky_Slavonic March,val,C:\Users\tt\Desktop\project\data\flac_output\mix_audio_flac\Classical_Classical_Pyotr Ilyich Tchaikovsky_Slavonic March_mixed.flac
Classical_Classical_Johann Sebastian Bach_Prelude and Fugue in D major,val,C:\Users\tt\Desktop\project\data\flac_output\mix_audio_flac\Classical_Classical_Johann Sebastian Bach_Prelude and Fugue in D major_mixed.flac
Classical_Classical_Bela Bartok_Imitation and Inversion,val,C:\Users\tt\Desktop\project\data\flac_output\mix_audio_flac\Classical_Classical_Bela Bartok_Imitation and Inversion_mixed.flac
Classical_Classical_George Frideric Handel_The Harmonious Blacksmith,val,C:\Users\tt\Desktop\project\data\flac_output\mix_audio_flac\Classical_Classical_George Frideric Handel_The Harmonious Blacksmith_mixed.flac
Classical_Classical_Wolfgang Amadeus Mozart_Minuet in A Flat,val,C:\Users\tt\Desktop\project\data\flac_output\mix_audio_flac\Classical_Classical_Wolfgang Amadeus Mozart_Minuet in A Flat_mixed.flac
Classical_Classical_Murray Perahia_Lieder ohne Worte_ Op 38_ No 2,val,C:\Users\tt\Desktop\project\data\flac_output\mix_audio_flac\Classical_Classical_Murray Perahia_Lieder ohne Worte_ Op 38_ No 2_mixed.flac
Classical_Classical_Ludwig van Beethoven_Symphony No6 Pastoral,val,C:\Users\tt\Desktop\project\data\flac_output\mix_audio_flac\Classical_Classical_Ludwig van Beethoven_Symphony No6 Pastoral_mixed.flac
Classical_Classical_Wolfgang Amadeus Mozart_Sonata Facile - Second movement,val,C:\Users\tt\Desktop\project\data\flac_output\mix_audio_flac\Classical_Classical_Wolfgang Amadeus Mozart_Sonata Facile - Second movement_mixed.flac
Classical_Classical_Tomaso Albinoni_Adagio in G minor,val,C:\Users\tt\Desktop\project\data\flac_output\mix_audio_flac\Classical_Classical_Tomaso Albinoni_Adagio in G minor_mixed.flac
Classical_Classical_John Philip Sousa_The Gladiator,val,C:\Users\tt\Desktop\project\data\flac_output\mix_audio_flac\Classical_Classical_John Philip Sousa_The Gladiator_mixed.flac
Classical_Classical_Joseph Haydn_3 Nemet-3 Deutsche Tanze,val,C:\Users\tt\Desktop\project\data\flac_output\mix_audio_flac\Classical_Classical_Joseph Haydn_3 Nemet-3 Deutsche Tanze_mixed.flac
Classical_Classical_Erik Satie_Gymnopédie No 1,val,C:\Users\tt\Desktop\project\data\flac_output\mix_audio_flac\Classical_Classical_Erik Satie_Gymnopédie No 1_mixed.flac
Classical_Classical_Franz Schubert_Du bist die Ruh,val,C:\Users\tt\Desktop\project\data\flac_output\mix_audio_flac\Classical_Classical_Franz Schubert_Du bist die Ruh_mixed.flac
Classical_Classical_Johann Sebastian Bach_Chorale Prelude,val,C:\Users\tt\Desktop\project\data\flac_output\mix_audio_flac\Classical_Classical_Johann Sebastian Bach_Chorale Prelude_mixed.flac
Classical_Classical_Wolfgang Amadeus Mozart_First Viennese Sonatina,val,C:\Users\tt\Desktop\project\data\flac_output\mix_audio_flac\Classical_Classical_Wolfgang Amadeus Mozart_First Viennese Sonatina_mixed.flac
Classical_Classical_Robert Schumann_Wild Rider,val,C:\Users\tt\Desktop\project\data\flac_output\mix_audio_flac\Classical_Classical_Robert Schumann_Wild Rider_mixed.flac
Classical_Classical_Felix Mendelssohn_Op30 No6,val,C:\Users\tt\Desktop\project\data\flac_output\mix_audio_flac\Classical_Classical_Felix Mendelssohn_Op30 No6_mixed.flac
Classical_Classical_Johann Sebastian Bach_Prelude and Fugue in C minor,val,C:\Users\tt\Desktop\project\data\flac_output\mix_audio_flac\Classical_Classical_Johann Sebastian Bach_Prelude and Fugue in C minor_mixed.flac
Classical_Classical_Joseph Haydn_German Dance,val,C:\Users\tt\Desktop\project\data\flac_output\mix_audio_flac\Classical_Classical_Joseph Haydn_German Dance_mixed.flac
Classical_Classical_Johann Sebastian Bach_Praeludium 10,val,C:\Users\tt\Desktop\project\data\flac_output\mix_audio_flac\Classical_Classical_Johann Sebastian Bach_Praeludium 10_mixed.flac
"Classical_Classical_Franz Liszt_Consolation, S172 No1",val,"C:\Users\tt\Desktop\project\data\flac_output\mix_audio_flac\Classical_Classical_Franz Liszt_Consolation, S172 No1_mixed.flac"
Classical_Classical_Wolfgang Amadeus Mozart_Das Lied der Trennung,val,C:\Users\tt\Desktop\project\data\flac_output\mix_audio_flac\Classical_Classical_Wolfgang Amadeus Mozart_Das Lied der Trennung_mixed.flac
Classical_Classical_Johann Sebastian Bach_Siciliano,val,C:\Users\tt\Desktop\project\data\flac_output\mix_audio_flac\Classical_Classical_Johann Sebastian Bach_Siciliano_mixed.flac
Classical_Classical_Georges Bizet_Flower Song,val,C:\Users\tt\Desktop\project\data\flac_output\mix_audio_flac\Classical_Classical_Georges Bizet_Flower Song_mixed.flac
Classical_Classical_Robert Schumann_Phantasictuck,val,C:\Users\tt\Desktop\project\data\flac_output\mix_audio_flac\Classical_Classical_Robert Schumann_Phantasictuck_mixed.flac
Classical_Classical_Frederic Chopin_Mazuka V,val,C:\Users\tt\Desktop\project\data\flac_output\mix_audio_flac\Classical_Classical_Frederic Chopin_Mazuka V_mixed.flac
Classical_Classical_Gabriel Faure_Les Djinns,val,C:\Users\tt\Desktop\project\data\flac_output\mix_audio_flac\Classical_Classical_Gabriel Faure_Les Djinns_mixed.flac
Classical_Classical_Franz Schubert_Selige Welt,val,C:\Users\tt\Desktop\project\data\flac_output\mix_audio_flac\Classical_Classical_Franz Schubert_Selige Welt_mixed.flac
Classical_Classical_Giuseppe Verdi_La Traviata - N9 Scena ed aria,val,C:\Users\tt\Desktop\project\data\flac_output\mix_audio_flac\Classical_Classical_Giuseppe Verdi_La Traviata - N9 Scena ed aria_mixed.flac
Classical_Classical_Alexander Borodin_Borodin,val,C:\Users\tt\Desktop\project\data\flac_output\mix_audio_flac\Classical_Classical_Alexander Borodin_Borodin_mixed.flac
Classical_Classical_Frederic Chopin_Nocturne in C Minor,val,C:\Users\tt\Desktop\project\data\flac_output\mix_audio_flac\Classical_Classical_Frederic Chopin_Nocturne in C Minor_mixed.flac
Classical_Classical_Giuseppe Verdi_La Traviata - N18 Scena finale,val,C:\Users\tt\Desktop\project\data\flac_output\mix_audio_flac\Classical_Classical_Giuseppe Verdi_La Traviata - N18 Scena finale_mixed.flac
Classical_Classical_Bela Bartok_Canon at the Lower Fifth,val,C:\Users\tt\Desktop\project\data\flac_output\mix_audio_flac\Classical_Classical_Bela Bartok_Canon at the Lower Fifth_mixed.flac
Classical_Classical_Franz Schubert_Einsamkeit,val,C:\Users\tt\Desktop\project\data\flac_output\mix_audio_flac\Classical_Classical_Franz Schubert_Einsamkeit_mixed.flac
Classical_Classical_Robert Schumann_Spooks,val,C:\Users\tt\Desktop\project\data\flac_output\mix_audio_flac\Classical_Classical_Robert Schumann_Spooks_mixed.flac
Classical_Classical_Ludwig van Beethoven_Sonata Pathetique,val,C:\Users\tt\Desktop\project\data\flac_output\mix_audio_flac\Classical_Classical_Ludwig van Beethoven_Sonata Pathetique_mixed.flac
"Classical_Classical_Johann Sebastian Bach_Das Wohltemperierte Clavier I, Praeludium IV",val,"C:\Users\tt\Desktop\project\data\flac_output\mix_audio_flac\Classical_Classical_Johann Sebastian Bach_Das Wohltemperierte Clavier I, Praeludium IV_mixed.flac"
Classical_Classical_Ludwig van Beethoven_7th Symphony,val,C:\Users\tt\Desktop\project\data\flac_output\mix_audio_flac\Classical_Classical_Ludwig van Beethoven_7th Symphony_mixed.flac
Classical_Classical_Franz Schubert_Suleika 1,val,C:\Users\tt\Desktop\project\data\flac_output\mix_audio_flac\Classical_Classical_Franz Schubert_Suleika 1_mixed.flac
Classical_Classical_George Frideric Handel_HWV370-score-1,val,C:\Users\tt\Desktop\project\data\flac_output\mix_audio_flac\Classical_Classical_George Frideric Handel_HWV370-score-1_mixed.flac
Classical_Classical_Ludwig van Beethoven_Sonate 15  - Rondo,val,C:\Users\tt\Desktop\project\data\flac_output\mix_audio_flac\Classical_Classical_Ludwig van Beethoven_Sonate 15  - Rondo_mixed.flac
"Classical_Classical_Johann Sebastian Bach_Das Wohltemperierte Clavier I, Praeludium X",val,"C:\Users\tt\Desktop\project\data\flac_output\mix_audio_flac\Classical_Classical_Johann Sebastian Bach_Das Wohltemperierte Clavier I, Praeludium X_mixed.flac"
Classical_Classical_Fauré_Sicilienne,val,C:\Users\tt\Desktop\project\data\flac_output\mix_audio_flac\Classical_Classical_Fauré_Sicilienne_mixed.flac
Classical_Classical_Johann Sebastian Bach_Sinfonia 12,val,C:\Users\tt\Desktop\project\data\flac_output\mix_audio_flac\Classical_Classical_Johann Sebastian Bach_Sinfonia 12_mixed.flac
"Classical_Classical_Frederic Chopin_Etude Op10, no3",val,"C:\Users\tt\Desktop\project\data\flac_output\mix_audio_flac\Classical_Classical_Frederic Chopin_Etude Op10, no3_mixed.flac"
Classical_Classical_Franz Schubert_Moments Musicaux No 3 in F Minor,val,C:\Users\tt\Desktop\project\data\flac_output\mix_audio_flac\Classical_Classical_Franz Schubert_Moments Musicaux No 3 in F Minor_mixed.flac
Classical_Classical_Giuseppe Verdi_N12 Coro di mattadori spagnuoli,val,C:\Users\tt\Desktop\project\data\flac_output\mix_audio_flac\Classical_Classical_Giuseppe Verdi_N12 Coro di mattadori spagnuoli_mixed.flac
Classical_Classical_Johann Sebastian Bach_BWV 1006a - Bourrée,val,C:\Users\tt\Desktop\project\data\flac_output\mix_audio_flac\Classical_Classical_Johann Sebastian Bach_BWV 1006a - Bourrée_mixed.flac
Classical_Classical_Giuseppe Verdi_La Traviata - N3 Valzer e duetto,test,C:\Users\tt\Desktop\project\data\flac_output\mix_audio_flac\Classical_Classical_Giuseppe Verdi_La Traviata - N3 Valzer e duetto_mixed.flac
Classical_Classical_Johann Sebastian Bach_Air in D Major,test,C:\Users\tt\Desktop\project\data\flac_output\mix_audio_flac\Classical_Classical_Johann Sebastian Bach_Air in D Major_mixed.flac
Classical_Classical_Wolfgang Amadeus Mozart_Clarinet Quintet,test,C:\Users\tt\Desktop\project\data\flac_output\mix_audio_flac\Classical_Classical_Wolfgang Amadeus Mozart_Clarinet Quintet_mixed.flac
Classical_Classical_Wolfgang Amadeus Mozart_KV 520,test,C:\Users\tt\Desktop\project\data\flac_output\mix_audio_flac\Classical_Classical_Wolfgang Amadeus Mozart_KV 520_mixed.flac
Classical_Classical_Johann Sebastian Bach_Menuett 2,test,C:\Users\tt\Desktop\project\data\flac_output\mix_audio_flac\Classical_Classical_Johann Sebastian Bach_Menuett 2_mixed.flac
Classical_Classical_Kodaly Zoltan_Gyakorlatok - Studien,test,C:\Users\tt\Desktop\project\data\flac_output\mix_audio_flac\Classical_Classical_Kodaly Zoltan_Gyakorlatok - Studien_mixed.flac
Classical_Classical_Felix Mendelssohn_Op19 No6,test,C:\Users\tt\Desktop\project\data\flac_output\mix_audio_flac\Classical_Classical_Felix Mendelssohn_Op19 No6_mixed.flac
Classical_Classical_Jacques Offenbach_Barcarole,test,C:\Users\tt\Desktop\project\data\flac_output\mix_audio_flac\Classical_Classical_Jacques Offenbach_Barcarole_mixed.flac
Classical_Classical_Franz Schubert_Who is Silvia,test,C:\Users\tt\Desktop\project\data\flac_output\mix_audio_flac\Classical_Classical_Franz Schubert_Who is Silvia_mixed.flac
Classical_Classical_John Philip Sousa_Hands Across the Sea,test,C:\Users\tt\Desktop\project\data\flac_output\mix_audio_flac\Classical_Classical_John Philip Sousa_Hands Across the Sea_mixed.flac
Classical_Classical_Johann Sebastian Bach_French Suite no5 Gavottte in G,test,C:\Users\tt\Desktop\project\data\flac_output\mix_audio_flac\Classical_Classical_Johann Sebastian Bach_French Suite no5 Gavottte in G_mixed.flac
Classical_Classical_Claude Debussy_Doctors Gradus ad Parnassum,test,C:\Users\tt\Desktop\project\data\flac_output\mix_audio_flac\Classical_Classical_Claude Debussy_Doctors Gradus ad Parnassum_mixed.flac
Classical_Classical_Murray Perahia_English Suite No 1 in A Major_ BWV 806Courante I,test,C:\Users\tt\Desktop\project\data\flac_output\mix_audio_flac\Classical_Classical_Murray Perahia_English Suite No 1 in A Major_ BWV 806Courante I_mixed.flac
Classical_Classical_Franz Schubert_Entr Acte from Rosamunde,test,C:\Users\tt\Desktop\project\data\flac_output\mix_audio_flac\Classical_Classical_Franz Schubert_Entr Acte from Rosamunde_mixed.flac
Classical_Classical_Wolfgang Amadeus Mozart_Variations in A K137,test,C:\Users\tt\Desktop\project\data\flac_output\mix_audio_flac\Classical_Classical_Wolfgang Amadeus Mozart_Variations in A K137_mixed.flac
Classical_Classical_Giuseppe Verdi_La Traviata - N14 Largo del Finale II,test,C:\Users\tt\Desktop\project\data\flac_output\mix_audio_flac\Classical_Classical_Giuseppe Verdi_La Traviata - N14 Largo del Finale II_mixed.flac
Classical_Classical_Henry Purcell_The Queens Funeral March,test,C:\Users\tt\Desktop\project\data\flac_output\mix_audio_flac\Classical_Classical_Henry Purcell_The Queens Funeral March_mixed.flac
Classical_Classical_Georg Philipp Telemann_Minuet,test,C:\Users\tt\Desktop\project\data\flac_output\mix_audio_flac\Classical_Classical_Georg Philipp Telemann_Minuet_mixed.flac
Classical_Classical_Ludwig van Beethoven_Piano Trio Opus 11 (3rd Movement),test,C:\Users\tt\Desktop\project\data\flac_output\mix_audio_flac\Classical_Classical_Ludwig van Beethoven_Piano Trio Opus 11 (3rd Movement)_mixed.flac
Classical_Classical_Frederic Chopin_Overture no20,test,C:\Users\tt\Desktop\project\data\flac_output\mix_audio_flac\Classical_Classical_Frederic Chopin_Overture no20_mixed.flac
Classical_Classical_Robert Schumann_Ich Grolle Nicht,test,C:\Users\tt\Desktop\project\data\flac_output\mix_audio_flac\Classical_Classical_Robert Schumann_Ich Grolle Nicht_mixed.flac
Classical_Classical_Pyotr Ilyich Tchaikovsky_The Seasons August,test,C:\Users\tt\Desktop\project\data\flac_output\mix_audio_flac\Classical_Classical_Pyotr Ilyich Tchaikovsky_The Seasons August_mixed.flac
Classical_Classical_Gabriel Faure_Pavane,test,C:\Users\tt\Desktop\project\data\flac_output\mix_audio_flac\Classical_Classical_Gabriel Faure_Pavane_mixed.flac
"Classical_Classical_Robert Schumann_Soldiers March, Op68,No2",test,"C:\Users\tt\Desktop\project\data\flac_output\mix_audio_flac\Classical_Classical_Robert Schumann_Soldiers March, Op68,No2_mixed.flac"
Classical_Classical_Wolfgang Amadeus Mozart_Sonate Opus KV 331 - Tema,test,C:\Users\tt\Desktop\project\data\flac_output\mix_audio_flac\Classical_Classical_Wolfgang Amadeus Mozart_Sonate Opus KV 331 - Tema_mixed.flac
"Classical_Classical_Johann Sebastian Bach_Invention 4, BWV 775",test,"C:\Users\tt\Desktop\project\data\flac_output\mix_audio_flac\Classical_Classical_Johann Sebastian Bach_Invention 4, BWV 775_mixed.flac"
Classical_Classical_Franz Schubert_Piano Trio in E flat D929,test,C:\Users\tt\Desktop\project\data\flac_output\mix_audio_flac\Classical_Classical_Franz Schubert_Piano Trio in E flat D929_mixed.flac
Classical_Classical_Erik Satie_Gymnopédie No 2,test,C:\Users\tt\Desktop\project\data\flac_output\mix_audio_flac\Classical_Classical_Erik Satie_Gymnopédie No 2_mixed.flac
Classical_Classical_Evgeny Kissin_Grande valse_ Op 42 in A-Flat,test,C:\Users\tt\Desktop\project\data\flac_output\mix_audio_flac\Classical_Classical_Evgeny Kissin_Grande valse_ Op 42 in A-Flat_mixed.flac
Classical_Classical_Murray Perahia_Sonata for Piano in A Major_ Op PosthIII Scherzo Allegro vivace,test,C:\Users\tt\Desktop\project\data\flac_output\mix_audio_flac\Classical_Classical_Murray Perahia_Sonata for Piano in A Major_ Op PosthIII Scherzo Allegro vivace_mixed.flac
Classical_Classical_Franz Schubert_Ave Maria,test,C:\Users\tt\Desktop\project\data\flac_output\mix_audio_flac\Classical_Classical_Franz Schubert_Ave Maria_mixed.flac
Classical_Classical_Wolfgang Amadeus Mozart_Now Your Days of Philandering are Over,test,C:\Users\tt\Desktop\project\data\flac_output\mix_audio_flac\Classical_Classical_Wolfgang Amadeus Mozart_Now Your Days of Philandering are Over_mixed.flac
Classical_Classical_Wolfgang Amadeus Mozart_Symphony No 40,test,C:\Users\tt\Desktop\project\data\flac_output\mix_audio_flac\Classical_Classical_Wolfgang Amadeus Mozart_Symphony No 40_mixed.flac
Classical_Classical_Richard Wagner_Here Comes The Bride,test,C:\Users\tt\Desktop\project\data\flac_output\mix_audio_flac\Classical_Classical_Richard Wagner_Here Comes The Bride_mixed.flac
Classical_Classical_George Frideric Handel_Lascia chio pianga from Rinaldo,test,C:\Users\tt\Desktop\project\data\flac_output\mix_audio_flac\Classical_Classical_George Frideric Handel_Lascia chio pianga from Rinaldo_mixed.flac
Classical_Classical_Maurice Ravel_Bolero,test,C:\Users\tt\Desktop\project\data\flac_output\mix_audio_flac\Classical_Classical_Maurice Ravel_Bolero_mixed.flac
Classical_Classical_Franz Schubert_Fischerweise,test,C:\Users\tt\Desktop\project\data\flac_output\mix_audio_flac\Classical_Classical_Franz Schubert_Fischerweise_mixed.flac
Classical_Classical_Bela Bartok_In Mixolydian Mode,test,C:\Users\tt\Desktop\project\data\flac_output\mix_audio_flac\Classical_Classical_Bela Bartok_In Mixolydian Mode_mixed.flac
"Classical_Classical_Joseph Haydn_Sonate II, II - Menuetto",test,"C:\Users\tt\Desktop\project\data\flac_output\mix_audio_flac\Classical_Classical_Joseph Haydn_Sonate II, II - Menuetto_mixed.flac"
Classical_Classical_Johann Sebastian Bach_Wachet Auf (Sleepers Wake),test,C:\Users\tt\Desktop\project\data\flac_output\mix_audio_flac\Classical_Classical_Johann Sebastian Bach_Wachet Auf (Sleepers Wake)_mixed.flac
Classical_Classical_Ludwig van Beethoven_Rondo A Capriccio Op 129,test,C:\Users\tt\Desktop\project\data\flac_output\mix_audio_flac\Classical_Classical_Ludwig van Beethoven_Rondo A Capriccio Op 129_mixed.flac
Classical_Classical_Evgeny Kissin_Nocturne_ Op 32_ No 2 in A-Flat,test,C:\Users\tt\Desktop\project\data\flac_output\mix_audio_flac\Classical_Classical_Evgeny Kissin_Nocturne_ Op 32_ No 2 in A-Flat_mixed.flac
Classical_Classical_Domenico Scarlatti_Sonata in C major,test,C:\Users\tt\Desktop\project\data\flac_output\mix_audio_flac\Classical_Classical_Domenico Scarlatti_Sonata in C major_mixed.flac
Classical_Classical_Jules Massenet_Meditation from Thais,test,C:\Users\tt\Desktop\project\data\flac_output\mix_audio_flac\Classical_Classical_Jules Massenet_Meditation from Thais_mixed.flac
"Classical_Classical_Johann Sebastian Bach_Das Wohltemperierte Clavier I, Fuga XV",test,"C:\Users\tt\Desktop\project\data\flac_output\mix_audio_flac\Classical_Classical_Johann Sebastian Bach_Das Wohltemperierte Clavier I, Fuga XV_mixed.flac"
Classical_Classical_Wolfgang Amadeus Mozart_There We Will Entwine Our Hands,test,C:\Users\tt\Desktop\project\data\flac_output\mix_audio_flac\Classical_Classical_Wolfgang Amadeus Mozart_There We Will Entwine Our Hands_mixed.flac
Classical_Classical_Wolfgang Amadeus Mozart_k379-Score,test,C:\Users\tt\Desktop\project\data\flac_output\mix_audio_flac\Classical_Classical_Wolfgang Amadeus Mozart_k379-Score_mixed.flac
Classical_Classical_John Philip Sousa_The Stars and Stripes Forever,test,C:\Users\tt\Desktop\project\data\flac_output\mix_audio_flac\Classical_Classical_John Philip Sousa_The Stars and Stripes Forever_mixed.flac
"Classical_Classical_Franz Schubert_Wiegenlied D498 (Op 98, No 2)",test,"C:\Users\tt\Desktop\project\data\flac_output\mix_audio_flac\Classical_Classical_Franz Schubert_Wiegenlied D498 (Op 98, No 2)_mixed.flac"
Classical_Classical_Gabriel Faure_Le pays des rêves,test,C:\Users\tt\Desktop\project\data\flac_output\mix_audio_flac\Classical_Classical_Gabriel Faure_Le pays des rêves_mixed.flac
Classical_Classical_Camille Saint-Saens_Romance,test,C:\Users\tt\Desktop\project\data\flac_output\mix_audio_flac\Classical_Classical_Camille Saint-Saens_Romance_mixed.flac
Classical_Classical_Wolfgang Amadeus Mozart_Lacrimosa,test,C:\Users\tt\Desktop\project\data\flac_output\mix_audio_flac\Classical_Classical_Wolfgang Amadeus Mozart_Lacrimosa_mixed.flac
Classical_Classical_Franz Schubert_Im Frühling,test,C:\Users\tt\Desktop\project\data\flac_output\mix_audio_flac\Classical_Classical_Franz Schubert_Im Frühling_mixed.flac
Classical_Classical_Robert Schumann_2Sheherazade,test,C:\Users\tt\Desktop\project\data\flac_output\mix_audio_flac\Classical_Classical_Robert Schumann_2Sheherazade_mixed.flac
Classical_Classical_Erik Satie_Gymnopédie No 3,test,C:\Users\tt\Desktop\project\data\flac_output\mix_audio_flac\Classical_Classical_Erik Satie_Gymnopédie No 3_mixed.flac
"Classical_Classical_Johann Sebastian Bach_Die Kunst der Fuge, Contrapunctus I",test,"C:\Users\tt\Desktop\project\data\flac_output\mix_audio_flac\Classical_Classical_Johann Sebastian Bach_Die Kunst der Fuge, Contrapunctus I_mixed.flac"
Classical_Classical_Georg Philipp Telemann_Minuet by Telemann,test,C:\Users\tt\Desktop\project\data\flac_output\mix_audio_flac\Classical_Classical_Georg Philipp Telemann_Minuet by Telemann_mixed.flac
Classical_Classical_Bartok Bela_Hol Jartal Baranykam,test,C:\Users\tt\Desktop\project\data\flac_output\mix_audio_flac\Classical_Classical_Bartok Bela_Hol Jartal Baranykam_mixed.flac
Classical_Classical_Robert Schumann_Kinderscenen - Traümerei,test,C:\Users\tt\Desktop\project\data\flac_output\mix_audio_flac\Classical_Classical_Robert Schumann_Kinderscenen - Traümerei_mixed.flac
Classical_Classical_Frederic Chopin_Nocturne No 1 in B-flat minor,test,C:\Users\tt\Desktop\project\data\flac_output\mix_audio_flac\Classical_Classical_Frederic Chopin_Nocturne No 1 in B-flat minor_mixed.flac
Classical_Classical_George Frideric Handel_Impertinence,test,C:\Users\tt\Desktop\project\data\flac_output\mix_audio_flac\Classical_Classical_George Frideric Handel_Impertinence_mixed.flac
"Classical_Classical_Frederic Chopin_Nocturne Op 9, No 2",test,"C:\Users\tt\Desktop\project\data\flac_output\mix_audio_flac\Classical_Classical_Frederic Chopin_Nocturne Op 9, No 2_mixed.flac"
Classical_Classical_Jean-Philippe Rameau_Minuet en Rondeau,test,C:\Users\tt\Desktop\project\data\flac_output\mix_audio_flac\Classical_Classical_Jean-Philippe Rameau_Minuet en Rondeau_mixed.flac
Classical_Classical_Ludwig van Beethoven_Moonlight Sonata 2nd Movement,test,C:\Users\tt\Desktop\project\data\flac_output\mix_audio_flac\Classical_Classical_Ludwig van Beethoven_Moonlight Sonata 2nd Movement_mixed.flac
"Classical_Classical_Wolfgang Amadeus Mozart_Minuet, K94",test,"C:\Users\tt\Desktop\project\data\flac_output\mix_audio_flac\Classical_Classical_Wolfgang Amadeus Mozart_Minuet, K94_mixed.flac"
Classical_Classical_Ludwig van Beethoven_Piano Sonata No12,test,C:\Users\tt\Desktop\project\data\flac_output\mix_audio_flac\Classical_Classical_Ludwig van Beethoven_Piano Sonata No12_mixed.flac
Classical_Classical_Wolfgang Amadeus Mozart_Fugue in G Minor KV 154385k,test,C:\Users\tt\Desktop\project\data\flac_output\mix_audio_flac\Classical_Classical_Wolfgang Amadeus Mozart_Fugue in G Minor KV 154385k_mixed.flac
Classical_Classical_Jeremiah Clarke_Indulo-Marsch,test,C:\Users\tt\Desktop\project\data\flac_output\mix_audio_flac\Classical_Classical_Jeremiah Clarke_Indulo-Marsch_mixed.flac
Classical_Classical_Robert Schumann_Widmung,test,C:\Users\tt\Desktop\project\data\flac_output\mix_audio_flac\Classical_Classical_Robert Schumann_Widmung_mixed.flac
Classical_Classical_Franz Schubert_Frühlingsglaube,test,C:\Users\tt\Desktop\project\data\flac_output\mix_audio_flac\Classical_Classical_Franz Schubert_Frühlingsglaube_mixed.flac
Classical_Classical_Franz Schubert_An Sylvia (Who is Sylvia),test,C:\Users\tt\Desktop\project\data\flac_output\mix_audio_flac\Classical_Classical_Franz Schubert_An Sylvia (Who is Sylvia)_mixed.flac
Classical_Classical_Robert Schumann_Joyful Farmer,test,C:\Users\tt\Desktop\project\data\flac_output\mix_audio_flac\Classical_Classical_Robert Schumann_Joyful Farmer_mixed.flac
"Classical_Classical_Johann Sebastian Bach_Das Wohltemperierte Clavier I, Fuga VI",test,"C:\Users\tt\Desktop\project\data\flac_output\mix_audio_flac\Classical_Classical_Johann Sebastian Bach_Das Wohltemperierte Clavier I, Fuga VI_mixed.flac"
Classical_Classical_Martha Argerich_Kinderszenen (Scenes from Childhood) Op 15 13 Der Dichter spricht (The Poet Speaks),test,C:\Users\tt\Desktop\project\data\flac_output\mix_audio_flac\Classical_Classical_Martha Argerich_Kinderszenen (Scenes from Childhood) Op 15 13 Der Dichter spricht (The Poet Speaks)_mixed.flac
Classical_Classical_Pyotr Ilyich Tchaikovsky_Waltz,test,C:\Users\tt\Desktop\project\data\flac_output\mix_audio_flac\Classical_Classical_Pyotr Ilyich Tchaikovsky_Waltz_mixed.flac
Classical_Classical_Johann Sebastian Bach_BWV 1006a - Gavotte en Rondeau,test,C:\Users\tt\Desktop\project\data\flac_output\mix_audio_flac\Classical_Classical_Johann Sebastian Bach_BWV 1006a - Gavotte en Rondeau_mixed.flac
Classical_Classical_Johann Sebastian Bach_Invention 7,test,C:\Users\tt\Desktop\project\data\flac_output\mix_audio_flac\Classical_Classical_Johann Sebastian Bach_Invention 7_mixed.flac
Classical_Classical_Johann Sebastian Bach_Sinfonia 6,test,C:\Users\tt\Desktop\project\data\flac_output\mix_audio_flac\Classical_Classical_Johann Sebastian Bach_Sinfonia 6_mixed.flac
Classical_Classical_Wolfgang Amadeus Mozart_KV 2,test,C:\Users\tt\Desktop\project\data\flac_output\mix_audio_flac\Classical_Classical_Wolfgang Amadeus Mozart_KV 2_mixed.flac
Classical_Classical_Johann Sebastian Bach_Invention 13,test,C:\Users\tt\Desktop\project\data\flac_output\mix_audio_flac\Classical_Classical_Johann Sebastian Bach_Invention 13_mixed.flac
